alert_id,timestamp,anomaly_type,severity,affected_parameters,raw_reading,corrected_estimate,confidence_score,recommended_action,historical_context,sensor_health_grade
ALT-0001,2026-09-01 13:25:00,THERMODYNAMIC_VIOLATION (THERMO_VAPOR_EXCEEDS_PRESSURE),CRITICAL,"['pressure', 'humidity']","pressure=1021.83, humidity=34.51","pressure=1021.83, humidity=34.52",0.99,Isolate barometer and RH sensor channels; check for sensor chamber flooding,First occurrence in observation window (Isolated incident),FAIR
ALT-0002,2026-09-01 13:30:00,THERMODYNAMIC_VIOLATION (THERMO_VAPOR_EXCEEDS_PRESSURE),CRITICAL,"['pressure', 'humidity']","pressure=1022.01, humidity=35.00","pressure=1022.01, humidity=35.00",0.99,Isolate barometer and RH sensor channels; check for sensor chamber flooding,Similar event previously recorded at 09-01 13:25 (2nd occurrence),FAIR
ALT-0003,2026-09-01 13:35:00,THERMODYNAMIC_VIOLATION (THERMO_VAPOR_EXCEEDS_PRESSURE),CRITICAL,"['pressure', 'humidity']","pressure=1021.62, humidity=37.40","pressure=1021.62, humidity=37.41",0.99,Isolate barometer and RH sensor channels; check for sensor chamber flooding,Recurring pattern: Detected 3 times in past 48h (Investigate persistent fault),FAIR
ALT-0004,2026-09-01 13:40:00,MULTIVARIATE_OUTLIER,WARNING,"['temperature', 'pressure', 'humidity', 'wind_speed']","temperature=32.91, pressure=1021.50, humidity=36.67, wind_speed=4.17","temperature=32.92, pressure=1021.50, humidity=36.68, wind_speed=4.14",0.76,Inspect multi-sensor correlation matrix; check for abnormal atmospheric coupling,Recurring pattern: Detected 4 times in past 48h (Investigate persistent fault),FAIR
ALT-0005,2026-09-01 14:05:00,MULTIVARIATE_OUTLIER,WARNING,"['temperature', 'pressure', 'humidity', 'wind_speed']","temperature=32.30, pressure=1021.29, humidity=35.98, wind_speed=14.84","temperature=32.30, pressure=1021.29, humidity=35.98, wind_speed=14.81",0.706,Inspect multi-sensor correlation matrix; check for abnormal atmospheric coupling,Recurring pattern: Detected 5 times in past 48h (Investigate persistent fault),FAIR
ALT-0006,2026-09-02 01:10:00,THERMODYNAMIC_VIOLATION (THERMO_TD_EXCEEDS_T),CRITICAL,"['temperature', 'humidity']","temperature=17.34, humidity=118.50","temperature=17.34, humidity=100.00",0.98,Emergency calibration required: Inspect hygrometer sensing element and aspirator fan,Recurring pattern: Detected 6 times in past 48h (Investigate persistent fault),FAIR
ALT-0007,2026-09-03 10:45:00,SENSOR_SPEC_BREACH (SPEC_WIND_NEGATIVE),WARNING,['wind_speed'],wind_speed=-4.50,wind_speed=0.00,0.95,"Inspect anemometer wiring, zero-offset calibration, and ADC voltage reference",Recurring pattern: Detected 3 times in past 48h (Investigate persistent fault),GOOD
ALT-0008,2026-09-04 01:25:00,MULTIVARIATE_OUTLIER,WARNING,"['temperature', 'pressure', 'humidity', 'wind_speed']","temperature=11.75, pressure=1015.50, humidity=89.98, wind_speed=11.72","temperature=11.75, pressure=1015.50, humidity=89.98, wind_speed=11.69",0.774,Inspect multi-sensor correlation matrix; check for abnormal atmospheric coupling,Similar event previously recorded at 09-03 10:45 (2nd occurrence),FAIR
ALT-0009,2026-09-04 03:35:00,THERMODYNAMIC_VIOLATION (THERMO_RH_OUT_OF_BOUNDS),CRITICAL,['humidity'],humidity=-12.00,humidity=0.00,0.97,Recalibrate or replace capacitive humidity sensor element; inspect for condensation or saline coating,Similar event previously recorded at 09-04 01:25 (2nd occurrence),GOOD
ALT-0010,2026-09-04 15:20:00,MULTIVARIATE_OUTLIER,WARNING,"['temperature', 'pressure', 'humidity', 'wind_speed']","temperature=44.85, pressure=1022.94, humidity=32.57, wind_speed=8.01","temperature=44.85, pressure=1022.94, humidity=32.57, wind_speed=7.99",0.818,Inspect multi-sensor correlation matrix; check for abnormal atmospheric coupling,Recurring pattern: Detected 4 times in past 48h (Investigate persistent fault),FAIR
ALT-0011,2026-09-05 04:45:00,MULTIVARIATE_OUTLIER,WARNING,"['temperature', 'pressure', 'humidity', 'wind_speed']","temperature=19.53, pressure=1033.07, humidity=74.96, wind_speed=5.82","temperature=19.54, pressure=1033.07, humidity=74.96, wind_speed=5.80",0.777,Inspect multi-sensor correlation matrix; check for abnormal atmospheric coupling,Recurring pattern: Detected 5 times in past 48h (Investigate persistent fault),FAIR
ALT-0012,2026-09-05 04:50:00,MULTIVARIATE_OUTLIER,WARNING,"['temperature', 'pressure', 'humidity', 'wind_speed']","temperature=18.46, pressure=1023.54, humidity=82.11, wind_speed=0.49","temperature=18.46, pressure=1023.54, humidity=82.11, wind_speed=0.46",0.705,Inspect multi-sensor correlation matrix; check for abnormal atmospheric coupling,Recurring pattern: Detected 6 times in past 48h (Investigate persistent fault),FAIR
ALT-0013,2026-09-05 13:10:00,SENSOR_SPEC_BREACH (SPEC_WIND_EXCEEDS_RANGE),WARNING,['wind_speed'],wind_speed=108.00,wind_speed=107.97,0.88,Verify severe weather event / gust recording; inspect anemometer bearing for mechanical damage,Recurring pattern: Detected 5 times in past 48h (Investigate persistent fault),GOOD
ALT-0014,2026-09-06 00:55:00,SENSOR_SPEC_BREACH (SPEC_TEMP_EXCEEDS_RANGE),WARNING,['temperature'],temperature=78.50,temperature=60.00,0.92,Inspect radiation shield ventilation and RTD/thermistor wiring integrity,Recurring pattern: Detected 5 times in past 48h (Investigate persistent fault),FAIR
ALT-0015,2026-09-07 03:50:00,SENSOR_SPEC_BREACH (SPEC_PRESSURE_EXCEEDS_RANGE),WARNING,['pressure'],pressure=720.00,pressure=800.00,0.92,Inspect barometric pressure port for insect blockage or static port leakage,Recurring pattern: Detected 3 times in past 48h (Investigate persistent fault),FAIR
ALT-0016,2026-09-07 03:55:00,MULTIVARIATE_OUTLIER,WARNING,"['temperature', 'pressure', 'humidity', 'wind_speed']","temperature=11.47, pressure=1001.03, humidity=90.64, wind_speed=1.08","temperature=11.47, pressure=1001.03, humidity=90.64, wind_speed=1.05",0.781,Inspect multi-sensor correlation matrix; check for abnormal atmospheric coupling,Recurring pattern: Detected 6 times in past 48h (Investigate persistent fault),FAIR
