timestamp,temperature,pressure,humidity,wind_speed
2026-09-01 00:00:00,15.27,1026.41,89.41,4.86
2026-09-01 00:05:00,14.95,1026.15,90.43,1.7
2026-09-01 00:10:00,15.2,1026.54,91.44,5.86
2026-09-01 00:15:00,15.49,1026.25,91.29,6.25
2026-09-01 00:20:00,14.73,1026.44,90.54,10.07
2026-09-01 00:25:00,14.68,1026.46,91.15,3.02
2026-09-01 00:30:00,15.35,1026.61,90.94,0.75
2026-09-01 00:35:00,14.98,1026.19,91.49,4.88
2026-09-01 00:40:00,14.44,1025.91,90.74,6.09
2026-09-01 00:45:00,14.81,1026.37,91.24,6.88
2026-09-01 00:50:00,14.37,1026.59,92.02,2.55
2026-09-01 00:55:00,14.34,1026.48,91.0,3.03
2026-09-01 01:00:00,14.59,1026.29,90.74,4.66
2026-09-01 01:05:00,13.71,1026.16,91.01,3.48
2026-09-01 01:10:00,13.76,1026.32,90.47,7.72
2026-09-01 01:15:00,14.21,1026.02,91.88,4.41
2026-09-01 01:20:00,14.02,1026.2,90.76,6.97
2026-09-01 01:25:00,14.54,1026.16,90.57,5.13
2026-09-01 01:30:00,14.04,1026.2,90.26,6.7
2026-09-01 01:35:00,13.84,1026.41,91.21,3.5
2026-09-01 01:40:00,14.99,1026.01,91.18,7.34
2026-09-01 01:45:00,14.32,1025.83,90.45,3.12
2026-09-01 01:50:00,14.44,1025.85,90.99,4.89
2026-09-01 01:55:00,13.86,1025.54,89.91,2.7
2026-09-01 02:00:00,14.23,1025.64,90.78,4.42
2026-09-01 02:05:00,14.51,1025.63,90.94,3.4
2026-09-01 02:10:00,14.03,1025.56,91.53,3.06
2026-09-01 02:15:00,14.67,1025.6,90.33,10.16
2026-09-01 02:20:00,14.31,1025.4,90.06,2.3
2026-09-01 02:25:00,14.47,1025.63,90.26,6.84
2026-09-01 02:30:00,14.39,1025.4,90.03,11.2
2026-09-01 02:35:00,15.41,1025.34,91.44,0.78
2026-09-01 02:40:00,14.71,1025.23,91.5,6.03
2026-09-01 02:45:00,14.34,1025.24,90.86,2.97
2026-09-01 02:50:00,15.15,1025.27,91.36,1.12
2026-09-01 02:55:00,14.39,1024.95,90.77,3.95
2026-09-01 03:00:00,15.02,1024.92,90.7,9.1
2026-09-01 03:05:00,14.22,1024.91,90.52,0.6
2026-09-01 03:10:00,14.54,1024.69,90.56,5.18
2026-09-01 03:15:00,15.23,1024.7,89.98,4.59
2026-09-01 03:20:00,15.52,1024.69,90.91,7.91
2026-09-01 03:25:00,15.37,1024.82,90.75,1.63
2026-09-01 03:30:00,15.34,1024.67,91.14,5.88
2026-09-01 03:35:00,15.35,1024.59,90.81,5.87
2026-09-01 03:40:00,14.97,1024.62,90.66,5.78
2026-09-01 03:45:00,15.37,1024.41,90.33,9.29
2026-09-01 03:50:00,15.57,1024.43,90.82,7.24
2026-09-01 03:55:00,16.28,1024.29,91.2,1.14
2026-09-01 04:00:00,16.09,1024.28,90.24,4.39
2026-09-01 04:05:00,15.36,1024.09,90.81,3.92
2026-09-01 04:10:00,16.3,1024.06,90.95,3.35
2026-09-01 04:15:00,16.13,1024.04,89.59,4.26
2026-09-01 04:20:00,16.13,1024.21,90.53,3.83
2026-09-01 04:25:00,16.77,1024.08,89.58,4.14
2026-09-01 04:30:00,17.06,1024.03,89.23,10.83
2026-09-01 04:35:00,17.14,1024.01,88.25,1.68
2026-09-01 04:40:00,16.56,1023.79,90.4,8.79
2026-09-01 04:45:00,16.91,1023.75,89.34,4.45
2026-09-01 04:50:00,17.3,1023.58,86.73,5.44
2026-09-01 04:55:00,17.69,1023.57,87.27,7.32
2026-09-01 05:00:00,17.25,1023.67,87.93,3.68
2026-09-01 05:05:00,17.51,1023.71,86.53,4.13
2026-09-01 05:10:00,17.28,1023.46,90.48,3.99
2026-09-01 05:15:00,17.39,1023.37,84.97,3.77
2026-09-01 05:20:00,18.35,1023.4,83.52,8.86
2026-09-01 05:25:00,18.72,1023.45,79.18,7.31
2026-09-01 05:30:00,18.3,1023.11,82.43,1.87
2026-09-01 05:35:00,18.89,1022.94,79.44,1.86
2026-09-01 05:40:00,18.79,1023.17,78.54,4.11
2026-09-01 05:45:00,18.55,1023.04,80.09,1.77
2026-09-01 05:50:00,19.11,1023.11,81.32,5.4
2026-09-01 05:55:00,19.75,1023.14,77.12,2.17
2026-09-01 06:00:00,19.29,1023.07,78.12,4.73
2026-09-01 06:05:00,20.1,1023.33,74.94,0.47
2026-09-01 06:10:00,20.12,1023.14,75.73,3.39
2026-09-01 06:15:00,20.14,1023.12,76.52,5.85
2026-09-01 06:20:00,20.02,1023.15,75.55,4.47
2026-09-01 06:25:00,20.04,1022.86,74.99,10.76
2026-09-01 06:30:00,20.38,1023.18,75.8,7.92
2026-09-01 06:35:00,19.72,1023.0,76.3,3.67
2026-09-01 06:40:00,20.61,1023.1,74.46,1.19
2026-09-01 06:45:00,21.02,1022.83,72.53,7.52
2026-09-01 06:50:00,21.65,1022.75,70.59,8.56
2026-09-01 06:55:00,21.04,1023.1,70.18,7.21
2026-09-01 07:00:00,21.11,1023.03,71.33,2.04
2026-09-01 07:05:00,21.41,1022.84,66.99,13.67
2026-09-01 07:10:00,22.17,1022.84,65.41,3.01
2026-09-01 07:15:00,22.12,1023.14,64.74,6.24
2026-09-01 07:20:00,21.96,1022.8,67.09,8.5
2026-09-01 07:25:00,22.57,1023.23,64.49,2.85
2026-09-01 07:30:00,22.59,1022.85,66.13,8.5
2026-09-01 07:35:00,23.13,1023.09,63.6,3.35
2026-09-01 07:40:00,22.65,1022.95,64.91,10.65
2026-09-01 07:45:00,22.99,1023.1,62.15,3.16
2026-09-01 07:50:00,23.15,1022.94,61.85,9.63
2026-09-01 07:55:00,22.91,1023.01,66.46,1.29
2026-09-01 08:00:00,23.81,1023.05,60.01,6.11
2026-09-01 08:05:00,23.98,1022.9,61.79,4.84
2026-09-01 08:10:00,24.07,1023.18,59.45,4.51
2026-09-01 08:15:00,24.17,1023.01,59.21,2.84
2026-09-01 08:20:00,23.88,1023.06,60.97,6.29
2026-09-01 08:25:00,24.47,1022.96,59.97,2.64
2026-09-01 08:30:00,24.69,1022.75,58.5,5.19
2026-09-01 08:35:00,24.69,1023.12,56.83,3.15
2026-09-01 08:40:00,25.14,1023.52,55.77,10.38
2026-09-01 08:45:00,25.55,1023.3,54.81,1.01
2026-09-01 08:50:00,25.69,1023.19,53.71,2.82
2026-09-01 08:55:00,25.83,1023.17,54.28,3.17
2026-09-01 09:00:00,26.04,1023.23,53.95,4.44
2026-09-01 09:05:00,26.09,1023.33,54.5,3.15
2026-09-01 09:10:00,25.54,1023.08,55.52,5.07
2026-09-01 09:15:00,26.47,1023.44,51.66,8.91
2026-09-01 09:20:00,26.69,1023.4,50.09,6.98
2026-09-01 09:25:00,26.82,1023.41,50.31,5.87
2026-09-01 09:30:00,26.94,1023.38,50.54,1.94
2026-09-01 09:35:00,27.31,1023.33,48.85,6.95
2026-09-01 09:40:00,27.35,1023.44,49.92,2.74
2026-09-01 09:45:00,27.07,1023.44,50.4,8.04
2026-09-01 09:50:00,28.16,1023.3,47.87,3.5
2026-09-01 09:55:00,28.18,1023.28,48.3,4.82
2026-09-01 10:00:00,28.36,1023.39,46.86,4.34
2026-09-01 10:05:00,27.84,1023.61,47.84,9.29
2026-09-01 10:10:00,28.93,1023.19,45.79,2.46
2026-09-01 10:15:00,27.97,1023.16,47.86,6.14
2026-09-01 10:20:00,28.92,1023.4,45.69,2.65
2026-09-01 10:25:00,29.71,1023.39,42.33,7.51
2026-09-01 10:30:00,28.6,1023.4,45.9,10.49
2026-09-01 10:35:00,28.92,1023.41,45.4,5.19
2026-09-01 10:40:00,29.33,1023.33,44.33,5.66
2026-09-01 10:45:00,29.23,1023.58,44.46,11.26
2026-09-01 10:50:00,28.96,1023.1,45.94,5.99
2026-09-01 10:55:00,29.75,1023.2,42.31,5.74
2026-09-01 11:00:00,29.43,1023.3,44.29,6.56
2026-09-01 11:05:00,30.18,1023.05,42.81,7.66
2026-09-01 11:10:00,29.75,1023.25,42.26,2.39
2026-09-01 11:15:00,30.87,1023.5,41.47,9.39
2026-09-01 11:20:00,30.06,1023.23,43.4,5.43
2026-09-01 11:25:00,30.37,1023.23,40.93,1.98
2026-09-01 11:30:00,30.95,1022.98,39.55,9.0
2026-09-01 11:35:00,30.25,1023.04,42.64,5.0
2026-09-01 11:40:00,30.94,1023.04,40.15,2.37
2026-09-01 11:45:00,31.48,1023.02,39.23,7.35
2026-09-01 11:50:00,30.43,1023.22,42.16,10.71
2026-09-01 11:55:00,31.25,1023.06,39.69,10.92
2026-09-01 12:00:00,31.38,1022.77,39.21,13.17
2026-09-01 12:05:00,31.68,1022.92,39.58,10.57
2026-09-01 12:10:00,30.97,1022.91,40.55,0.34
2026-09-01 12:15:00,31.03,1022.96,40.01,5.17
2026-09-01 12:20:00,31.85,1022.97,37.99,9.79
2026-09-01 12:25:00,31.84,1022.52,37.9,5.07
2026-09-01 12:30:00,31.91,1022.49,37.61,7.23
2026-09-01 12:35:00,32.02,1022.36,37.52,7.29
2026-09-01 12:40:00,31.68,1022.45,38.22,5.1
2026-09-01 12:45:00,32.12,1022.49,37.62,11.62
2026-09-01 12:50:00,32.2,1022.5,40.59,6.36
2026-09-01 12:55:00,31.86,1022.26,38.85,6.02
2026-09-01 13:00:00,32.95,1022.15,35.27,6.16
2026-09-01 13:05:00,32.45,1022.15,37.92,6.3
2026-09-01 13:10:00,31.83,1021.92,38.58,3.39
2026-09-01 13:15:00,32.62,1022.28,37.05,6.5
2026-09-01 13:20:00,32.01,1021.64,39.0,9.94
2026-09-01 13:25:00,32.24,1021.83,38.42,9.4
2026-09-01 13:30:00,32.46,1022.01,37.84,9.58
2026-09-01 13:35:00,32.69,1021.62,37.26,8.53
2026-09-01 13:40:00,32.91,1021.5,36.67,4.17
2026-09-01 13:45:00,32.72,1021.39,34.8,10.83
2026-09-01 13:50:00,32.9,1021.32,33.67,11.52
2026-09-01 13:55:00,33.35,1021.46,34.81,3.58
2026-09-01 14:00:00,32.5,1020.82,37.13,2.88
2026-09-01 14:05:00,32.3,1021.29,35.98,14.84
2026-09-01 14:10:00,32.25,1020.74,36.61,10.96
2026-09-01 14:15:00,32.28,1020.82,37.36,11.51
2026-09-01 14:20:00,32.57,1020.69,37.42,11.34
2026-09-01 14:25:00,32.73,1020.74,35.95,6.79
2026-09-01 14:30:00,32.69,1020.31,36.76,7.83
2026-09-01 14:35:00,32.9,1020.52,35.04,6.81
2026-09-01 14:40:00,32.55,1020.64,36.38,1.76
2026-09-01 14:45:00,33.11,1020.03,34.65,8.96
2026-09-01 14:50:00,32.39,1020.16,36.12,6.42
2026-09-01 14:55:00,33.55,1019.92,34.5,7.8
2026-09-01 15:00:00,32.68,1019.98,37.36,6.37
2026-09-01 15:05:00,32.05,1019.81,36.04,6.26
2026-09-01 15:10:00,31.92,1019.61,38.12,3.3
2026-09-01 15:15:00,32.5,1019.67,36.91,4.33
2026-09-01 15:20:00,32.16,1019.76,38.64,3.15
2026-09-01 15:25:00,32.48,1019.35,35.1,3.52
2026-09-01 15:30:00,32.33,1019.38,37.1,14.31
2026-09-01 15:35:00,32.05,1018.98,36.75,3.06
2026-09-01 15:40:00,31.68,1018.92,36.29,4.2
2026-09-01 15:45:00,31.34,1019.03,39.7,7.06
2026-09-01 15:50:00,31.7,1019.08,37.85,7.23
2026-09-01 15:55:00,32.14,1018.81,38.29,3.04
2026-09-01 16:00:00,31.81,1018.6,36.85,9.3
2026-09-01 16:05:00,31.14,1018.55,39.31,9.15
2026-09-01 16:10:00,31.62,1018.26,40.35,3.83
2026-09-01 16:15:00,31.62,1018.44,39.04,4.28
2026-09-01 16:20:00,31.02,1018.38,39.48,12.18
2026-09-01 16:25:00,31.34,1018.09,39.08,9.61
2026-09-01 16:30:00,31.2,1017.99,38.2,7.93
2026-09-01 16:35:00,30.62,1018.0,41.77,2.11
2026-09-01 16:40:00,31.12,1017.81,37.92,5.29
2026-09-01 16:45:00,31.09,1017.77,40.14,6.48
2026-09-01 16:50:00,31.19,1018.01,37.56,3.24
2026-09-01 16:55:00,31.06,1017.57,38.19,5.47
2026-09-01 17:00:00,30.55,1017.46,44.23,6.76
2026-09-01 17:05:00,30.03,1017.34,41.45,4.42
2026-09-01 17:10:00,30.49,1017.46,41.41,8.61
2026-09-01 17:15:00,30.36,1017.24,39.55,9.42
2026-09-01 17:20:00,30.24,1017.1,40.24,4.32
2026-09-01 17:25:00,30.12,1017.32,38.2,9.29
2026-09-01 17:30:00,30.0,1017.26,40.5,2.26
2026-09-01 17:35:00,30.09,1016.88,41.6,9.17
2026-09-01 17:40:00,29.88,1016.62,42.4,2.75
2026-09-01 17:45:00,29.62,1016.98,41.41,1.98
2026-09-01 17:50:00,29.09,1016.66,43.59,6.77
2026-09-01 17:55:00,29.37,1016.82,44.77,5.31
2026-09-01 18:00:00,28.62,1016.35,44.78,10.19
2026-09-01 18:05:00,28.68,1016.72,44.46,4.41
2026-09-01 18:10:00,28.43,1016.34,46.02,3.79
2026-09-01 18:15:00,28.51,1016.58,45.47,5.39
2026-09-01 18:20:00,29.25,1016.42,43.53,5.02
2026-09-01 18:25:00,27.42,1016.22,46.9,4.15
2026-09-01 18:30:00,28.28,1016.26,45.27,6.9
2026-09-01 18:35:00,27.21,1016.37,49.48,7.52
2026-09-01 18:40:00,27.5,1016.24,46.46,8.66
2026-09-01 18:45:00,27.96,1016.27,46.69,11.79
2026-09-01 18:50:00,27.39,1016.44,47.18,3.43
2026-09-01 18:55:00,26.77,1015.87,48.38,6.86
2026-09-01 19:00:00,26.75,1016.31,50.59,4.3
2026-09-01 19:05:00,27.14,1016.05,47.65,6.4
2026-09-01 19:10:00,26.41,1015.87,50.19,4.8
2026-09-01 19:15:00,26.62,1015.77,49.14,5.76
2026-09-01 19:20:00,26.38,1015.91,50.02,6.72
2026-09-01 19:25:00,25.94,1016.05,51.9,10.18
2026-09-01 19:30:00,26.88,1015.87,49.2,7.77
2026-09-01 19:35:00,26.11,1016.09,49.26,8.76
2026-09-01 19:40:00,24.87,1015.62,53.01,7.39
2026-09-01 19:45:00,25.58,1015.81,52.78,4.42
2026-09-01 19:50:00,25.07,1015.61,53.04,3.01
2026-09-01 19:55:00,25.51,1015.83,52.09,3.77
2026-09-01 20:00:00,24.67,1015.89,54.16,0.79
2026-09-01 20:05:00,24.77,1015.68,53.19,4.74
2026-09-01 20:10:00,24.85,1015.33,51.96,4.61
2026-09-01 20:15:00,24.82,1015.74,54.81,4.75
2026-09-01 20:20:00,23.82,1015.76,57.05,10.51
2026-09-01 20:25:00,23.99,1015.74,55.96,8.56
2026-09-01 20:30:00,23.76,1015.85,56.84,2.31
2026-09-01 20:35:00,23.52,1015.49,59.04,3.73
2026-09-01 20:40:00,24.32,1015.74,57.31,4.08
2026-09-01 20:45:00,23.6,1015.81,55.62,3.68
2026-09-01 20:50:00,22.76,1015.35,61.99,6.96
2026-09-01 20:55:00,23.47,1015.65,58.99,4.74
2026-09-01 21:00:00,23.78,1015.52,56.05,5.07
2026-09-01 21:05:00,23.17,1015.57,58.57,7.62
2026-09-01 21:10:00,21.99,1015.62,63.32,7.04
2026-09-01 21:15:00,22.23,1015.48,63.15,2.07
2026-09-01 21:20:00,22.77,1015.44,61.1,6.15
2026-09-01 21:25:00,21.82,1015.53,65.05,4.16
2026-09-01 21:30:00,22.11,1015.35,62.79,3.25
2026-09-01 21:35:00,22.09,1015.34,62.51,1.25
2026-09-01 21:40:00,21.24,1015.59,63.91,4.5
2026-09-01 21:45:00,21.43,1015.3,64.72,3.64
2026-09-01 21:50:00,20.0,1015.55,72.44,2.96
2026-09-01 21:55:00,20.74,1015.5,66.27,5.99
2026-09-01 22:00:00,20.89,1015.16,64.92,6.66
2026-09-01 22:05:00,20.34,1015.29,69.59,2.91
2026-09-01 22:10:00,21.34,1015.55,64.21,1.24
2026-09-01 22:15:00,19.97,1015.2,69.81,7.56
2026-09-01 22:20:00,20.22,1015.26,69.94,0.55
2026-09-01 22:25:00,20.3,1015.37,66.82,9.15
2026-09-01 22:30:00,20.69,1015.39,66.41,5.47
2026-09-01 22:35:00,19.4,1015.21,73.62,3.43
2026-09-01 22:40:00,20.3,1015.13,67.52,2.93
2026-09-01 22:45:00,19.7,1015.4,68.93,0.52
2026-09-01 22:50:00,19.17,1015.41,72.3,2.85
2026-09-01 22:55:00,19.62,1015.26,72.94,2.12
2026-09-01 23:00:00,19.39,1015.09,71.69,5.35
2026-09-01 23:05:00,18.94,1014.91,72.76,2.35
2026-09-01 23:10:00,19.09,1014.87,73.16,4.77
2026-09-01 23:15:00,18.79,1015.03,72.46,5.19
2026-09-01 23:20:00,18.87,1014.96,75.57,3.27
2026-09-01 23:25:00,18.98,1015.06,74.18,1.04
2026-09-01 23:30:00,19.24,1014.9,72.38,1.07
2026-09-01 23:35:00,18.0,1014.52,78.87,0.9
2026-09-01 23:40:00,19.24,1014.85,78.32,6.38
2026-09-01 23:45:00,17.5,1014.49,77.78,3.4
2026-09-01 23:50:00,18.13,1014.52,77.23,6.94
2026-09-01 23:55:00,18.32,1014.55,75.53,4.13
2026-09-02 00:00:00,18.11,1014.75,77.23,4.27
2026-09-02 00:05:00,17.66,1014.58,78.64,4.66
2026-09-02 00:10:00,17.74,1014.41,80.47,6.15
2026-09-02 00:15:00,17.54,1014.22,77.72,3.11
2026-09-02 00:20:00,17.42,1014.25,78.23,1.98
2026-09-02 00:25:00,17.92,1014.23,78.81,4.96
2026-09-02 00:30:00,17.65,1014.22,77.53,3.46
2026-09-02 00:35:00,17.16,1014.21,82.21,4.2
2026-09-02 00:40:00,17.73,1013.89,80.52,5.61
2026-09-02 00:45:00,17.43,1013.84,78.68,4.54
2026-09-02 00:50:00,17.57,1013.78,79.27,5.41
2026-09-02 00:55:00,17.44,1013.66,77.85,4.88
2026-09-02 01:00:00,16.81,1013.63,82.74,6.38
2026-09-02 01:05:00,16.87,1013.32,81.64,6.08
2026-09-02 01:10:00,17.34,1013.23,79.82,4.81
2026-09-02 01:15:00,17.25,1013.06,78.0,5.86
2026-09-02 01:20:00,16.96,1013.19,77.61,7.91
2026-09-02 01:25:00,16.98,1013.14,81.82,4.14
2026-09-02 01:30:00,17.41,1012.99,74.22,4.01
2026-09-02 01:35:00,16.64,1013.07,81.57,6.61
2026-09-02 01:40:00,17.07,1012.71,82.41,5.14
2026-09-02 01:45:00,16.75,1012.71,80.92,1.49
2026-09-02 01:50:00,16.73,1012.34,83.54,8.21
2026-09-02 01:55:00,17.24,1012.34,79.51,0.97
2026-09-02 02:00:00,17.12,1012.39,78.59,6.46
2026-09-02 02:05:00,17.11,1012.3,79.69,6.56
2026-09-02 02:10:00,17.31,1012.02,77.68,9.62
2026-09-02 02:15:00,16.8,1011.94,78.35,1.3
2026-09-02 02:20:00,17.07,1011.61,78.25,5.24
2026-09-02 02:25:00,16.68,1011.67,80.86,4.11
2026-09-02 02:30:00,16.95,1011.74,76.15,3.48
2026-09-02 02:35:00,16.78,1011.58,79.03,1.69
2026-09-02 02:40:00,16.89,1011.45,78.64,5.0
2026-09-02 02:45:00,17.12,1011.27,75.47,4.44
2026-09-02 02:50:00,16.58,1011.14,81.33,1.83
2026-09-02 02:55:00,17.78,1010.93,75.78,5.36
2026-09-02 03:00:00,16.57,1011.01,81.56,6.36
2026-09-02 03:05:00,16.53,1010.86,80.89,6.64
2026-09-02 03:10:00,17.52,1010.75,76.54,8.45
2026-09-02 03:15:00,17.42,1010.48,77.7,3.99
2026-09-02 03:20:00,17.4,1010.49,76.76,9.62
2026-09-02 03:25:00,17.46,1010.49,74.57,7.79
2026-09-02 03:30:00,17.26,1010.14,77.49,3.26
2026-09-02 03:35:00,16.96,1009.97,79.85,2.29
2026-09-02 03:40:00,17.41,1010.09,75.82,4.16
2026-09-02 03:45:00,17.18,1009.82,79.2,3.94
2026-09-02 03:50:00,17.91,1009.92,72.14,5.09
2026-09-02 03:55:00,17.53,1009.75,74.8,5.15
2026-09-02 04:00:00,17.34,1009.65,74.88,6.48
2026-09-02 04:05:00,17.62,1009.23,75.18,4.64
2026-09-02 04:10:00,18.0,1009.51,69.95,1.83
2026-09-02 04:15:00,17.69,1009.26,72.21,7.69
2026-09-02 04:20:00,17.68,1009.07,72.55,3.35
2026-09-02 04:25:00,18.2,1009.04,71.81,10.36
2026-09-02 04:30:00,18.29,1008.65,71.15,1.95
2026-09-02 04:35:00,18.09,1008.88,72.46,9.8
2026-09-02 04:40:00,18.2,1008.57,72.07,1.7
2026-09-02 04:45:00,18.59,1008.42,71.67,2.82
2026-09-02 04:50:00,18.02,1008.31,71.56,1.2
2026-09-02 04:55:00,18.15,1008.61,70.29,6.08
2026-09-02 05:00:00,18.53,1008.26,69.45,7.58
2026-09-02 05:05:00,18.85,1008.5,67.33,4.15
2026-09-02 05:10:00,19.18,1008.1,65.88,8.93
2026-09-02 05:15:00,19.76,1007.84,63.39,5.2
2026-09-02 05:20:00,19.64,1007.85,63.69,5.48
2026-09-02 05:25:00,19.35,1008.13,64.44,7.52
2026-09-02 05:30:00,19.54,1007.84,63.5,3.26
2026-09-02 05:35:00,19.27,1007.71,63.98,3.64
2026-09-02 05:40:00,19.8,1007.74,63.83,8.46
2026-09-02 05:45:00,19.82,1007.73,64.62,8.36
2026-09-02 05:50:00,20.2,1007.75,62.28,10.65
2026-09-02 05:55:00,19.88,1007.74,64.05,8.38
2026-09-02 06:00:00,20.55,1007.4,60.4,2.03
2026-09-02 06:05:00,21.1,1007.2,57.67,7.25
2026-09-02 06:10:00,20.58,1007.28,61.21,3.99
2026-09-02 06:15:00,20.93,1007.33,57.07,11.91
2026-09-02 06:20:00,21.19,1007.09,55.76,4.4
2026-09-02 06:25:00,20.9,1007.04,57.72,4.94
2026-09-02 06:30:00,21.3,1007.19,58.59,4.78
2026-09-02 06:35:00,21.37,1007.09,57.63,3.43
2026-09-02 06:40:00,21.55,1007.06,56.11,1.54
2026-09-02 06:45:00,21.36,1006.9,58.78,8.27
2026-09-02 06:50:00,21.83,1006.94,54.46,7.01
2026-09-02 06:55:00,22.17,1006.8,54.23,2.13
2026-09-02 07:00:00,22.71,1007.04,51.49,6.74
2026-09-02 07:05:00,22.67,1007.03,52.74,5.45
2026-09-02 07:10:00,23.3,1006.57,50.8,3.99
2026-09-02 07:15:00,22.29,1006.68,53.06,2.98
2026-09-02 07:20:00,23.11,1006.57,51.04,7.71
2026-09-02 07:25:00,22.99,1006.67,52.24,6.04
2026-09-02 07:30:00,22.95,1006.73,47.13,4.9
2026-09-02 07:35:00,22.91,1006.51,51.94,5.33
2026-09-02 07:40:00,23.06,1006.57,50.38,1.7
2026-09-02 07:45:00,23.32,1006.54,47.29,4.41
2026-09-02 07:50:00,22.87,1006.71,51.16,2.55
2026-09-02 07:55:00,23.67,1006.67,48.09,2.66
2026-09-02 08:00:00,23.74,1006.54,48.09,5.72
2026-09-02 08:05:00,24.26,1006.67,44.59,8.63
2026-09-02 08:10:00,24.5,1006.55,46.09,4.02
2026-09-02 08:15:00,25.27,1006.58,42.15,2.72
2026-09-02 08:20:00,25.06,1006.87,45.3,5.82
2026-09-02 08:25:00,24.61,1006.81,44.82,8.22
2026-09-02 08:30:00,24.64,1006.41,47.23,6.8
2026-09-02 08:35:00,25.36,1006.72,44.97,8.31
2026-09-02 08:40:00,24.79,1006.72,43.61,5.16
2026-09-02 08:45:00,26.21,1006.42,40.68,7.0
2026-09-02 08:50:00,26.1,1006.71,41.5,2.32
2026-09-02 08:55:00,25.6,1006.82,42.89,3.94
2026-09-02 09:00:00,25.26,1006.41,44.5,4.26
2026-09-02 09:05:00,26.64,1006.44,39.7,5.17
2026-09-02 09:10:00,26.2,1006.73,39.75,10.02
2026-09-02 09:15:00,26.89,1006.62,37.93,8.94
2026-09-02 09:20:00,25.91,1006.66,41.32,2.38
2026-09-02 09:25:00,26.46,1006.62,40.6,2.74
2026-09-02 09:30:00,26.85,1006.63,39.37,4.22
2026-09-02 09:35:00,27.01,1006.37,40.58,3.74
2026-09-02 09:40:00,26.95,1006.72,40.04,6.28
2026-09-02 09:45:00,27.52,1006.74,37.82,9.88
2026-09-02 09:50:00,26.99,1006.52,38.52,11.8
2026-09-02 09:55:00,27.5,1006.54,38.24,6.75
2026-09-02 10:00:00,27.74,1006.32,36.22,8.91
2026-09-02 10:05:00,28.03,1006.61,37.82,5.73
2026-09-02 10:10:00,28.24,1006.62,36.74,3.23
2026-09-02 10:15:00,27.64,1006.51,38.57,5.8
2026-09-02 10:20:00,27.6,1006.68,36.43,6.09
2026-09-02 10:25:00,28.85,1006.45,34.21,7.92
2026-09-02 10:30:00,28.6,1006.57,35.19,3.41
2026-09-02 10:35:00,28.29,1006.32,36.9,4.66
2026-09-02 10:40:00,29.33,1006.45,34.11,4.65
2026-09-02 10:45:00,28.87,1006.41,36.76,12.44
2026-09-02 10:50:00,29.41,1006.45,33.45,5.35
2026-09-02 10:55:00,29.08,1006.34,34.28,8.33
2026-09-02 11:00:00,29.98,1006.36,34.11,8.32
2026-09-02 11:05:00,29.96,1006.48,32.97,3.94
2026-09-02 11:10:00,29.27,1006.26,35.36,6.56
2026-09-02 11:15:00,29.85,1006.06,33.34,10.72
2026-09-02 11:20:00,29.82,1006.53,32.68,5.77
2026-09-02 11:25:00,30.2,1006.45,30.6,12.29
2026-09-02 11:30:00,29.36,1006.01,32.31,3.56
2026-09-02 11:35:00,30.11,1006.27,33.55,2.02
2026-09-02 11:40:00,30.35,1006.06,33.65,10.88
2026-09-02 11:45:00,29.3,1006.13,35.2,10.05
2026-09-02 11:50:00,29.61,1006.1,34.21,8.96
2026-09-02 11:55:00,29.34,1005.97,35.23,7.87
2026-09-02 12:00:00,30.12,1005.85,32.75,12.3
2026-09-02 12:05:00,30.59,1005.81,30.18,9.84
2026-09-02 12:10:00,30.96,1005.73,31.32,10.16
2026-09-02 12:15:00,30.46,1005.69,32.26,6.86
2026-09-02 12:20:00,31.14,1005.75,31.35,5.2
2026-09-02 12:25:00,29.99,1005.6,34.55,12.41
2026-09-02 12:30:00,29.91,1005.75,33.29,5.67
2026-09-02 12:35:00,30.62,1005.81,31.99,6.64
2026-09-02 12:40:00,30.84,1005.44,32.5,5.82
2026-09-02 12:45:00,30.71,1005.5,32.72,6.92
2026-09-02 12:50:00,29.93,1005.48,33.78,6.06
2026-09-02 12:55:00,30.76,1005.41,31.51,1.69
2026-09-02 13:00:00,30.3,1005.28,32.67,11.15
2026-09-02 13:05:00,31.12,1005.31,31.8,5.85
2026-09-02 13:10:00,31.02,1005.2,29.83,7.21
2026-09-02 13:15:00,30.51,1004.87,32.97,2.96
2026-09-02 13:20:00,30.7,1005.11,31.53,0.45
2026-09-02 13:25:00,30.49,1005.03,32.94,4.07
2026-09-02 13:30:00,30.9,1004.71,30.88,8.48
2026-09-02 13:35:00,31.31,1004.75,30.88,2.48
2026-09-02 13:40:00,30.53,1004.77,32.71,11.91
2026-09-02 13:45:00,31.12,1004.55,29.49,3.79
2026-09-02 13:50:00,30.7,1004.66,32.32,3.68
2026-09-02 13:55:00,30.58,1004.77,31.01,3.45
2026-09-02 14:00:00,30.84,1004.21,32.69,0.91
2026-09-02 14:05:00,30.45,1004.04,32.2,9.36
2026-09-02 14:10:00,30.62,1004.2,32.91,11.1
2026-09-02 14:15:00,30.33,1004.18,32.2,7.51
2026-09-02 14:20:00,31.57,1003.95,29.4,3.51
2026-09-02 14:25:00,30.76,1004.11,32.23,4.45
2026-09-02 14:30:00,30.43,1003.61,33.76,6.17
2026-09-02 14:35:00,30.75,1003.82,33.37,13.48
2026-09-02 14:40:00,30.57,1003.54,31.31,4.09
2026-09-02 14:45:00,30.48,1003.8,32.93,8.78
2026-09-02 14:50:00,30.76,1003.75,30.62,5.82
2026-09-02 14:55:00,30.76,1003.25,30.81,4.54
2026-09-02 15:00:00,30.18,1003.19,33.22,5.95
2026-09-02 15:05:00,30.1,1003.31,32.37,2.07
2026-09-02 15:10:00,30.15,1003.04,30.72,9.62
2026-09-02 15:15:00,29.27,1003.0,35.3,4.0
2026-09-02 15:20:00,29.51,1002.92,34.07,8.6
2026-09-02 15:25:00,30.58,1002.55,32.55,2.01
2026-09-02 15:30:00,30.61,1002.75,32.58,13.27
2026-09-02 15:35:00,29.76,1002.56,34.53,3.48
2026-09-02 15:40:00,30.0,1002.51,34.5,10.97
2026-09-02 15:45:00,29.8,1002.71,34.01,9.62
2026-09-02 15:50:00,30.81,1002.23,31.11,13.82
2026-09-02 15:55:00,29.93,1002.46,34.41,5.99
2026-09-02 16:00:00,29.32,1002.22,34.54,8.44
2026-09-02 16:05:00,28.89,1002.14,34.8,5.02
2026-09-02 16:10:00,28.51,1002.22,36.83,3.32
2026-09-02 16:15:00,29.12,1002.08,35.02,5.61
2026-09-02 16:20:00,28.62,1002.04,36.96,3.11
2026-09-02 16:25:00,28.24,1002.03,38.23,14.58
2026-09-02 16:30:00,28.42,1001.77,36.89,2.3
2026-09-02 16:35:00,28.12,1001.66,37.41,6.81
2026-09-02 16:40:00,29.1,1001.52,37.56,7.13
2026-09-02 16:45:00,28.65,1001.5,37.72,6.29
2026-09-02 16:50:00,28.16,1002.01,37.79,7.42
2026-09-02 16:55:00,28.61,1001.69,37.74,2.49
2026-09-02 17:00:00,27.91,1001.25,39.33,6.35
2026-09-02 17:05:00,27.39,1001.2,39.06,4.09
2026-09-02 17:10:00,28.2,1001.41,39.26,11.72
2026-09-02 17:15:00,27.66,1001.38,39.46,8.33
2026-09-02 17:20:00,26.88,1001.33,40.83,13.11
2026-09-02 17:25:00,27.06,1001.16,39.8,1.35
2026-09-02 17:30:00,26.63,1001.14,40.85,3.96
2026-09-02 17:35:00,26.27,1001.17,42.82,3.17
2026-09-02 17:40:00,27.03,1001.1,41.2,0.72
2026-09-02 17:45:00,27.26,1000.72,39.7,3.54
2026-09-02 17:50:00,25.78,1000.98,44.46,7.12
2026-09-02 17:55:00,26.39,1000.86,42.34,3.4
2026-09-02 18:00:00,25.74,1000.88,44.39,5.57
2026-09-02 18:05:00,25.63,1000.89,43.69,9.7
2026-09-02 18:10:00,25.42,1000.9,44.61,7.09
2026-09-02 18:15:00,25.14,1000.92,45.75,4.59
2026-09-02 18:20:00,25.33,1000.93,44.32,4.39
2026-09-02 18:25:00,24.8,1000.94,44.58,4.98
2026-09-02 18:30:00,25.06,1000.92,44.83,2.8
2026-09-02 18:35:00,24.75,1000.94,47.18,6.31
2026-09-02 18:40:00,24.49,1001.15,48.01,4.21
2026-09-02 18:45:00,24.04,1000.67,50.41,8.59
2026-09-02 18:50:00,23.99,1000.91,49.19,7.32
2026-09-02 18:55:00,24.34,1000.7,49.1,5.94
2026-09-02 19:00:00,24.05,1000.93,49.71,4.08
2026-09-02 19:05:00,23.27,1000.72,51.87,2.92
2026-09-02 19:10:00,23.51,1000.8,53.21,7.31
2026-09-02 19:15:00,23.58,1000.83,51.65,4.84
2026-09-02 19:20:00,22.42,1001.03,55.71,2.97
2026-09-02 19:25:00,23.12,1001.04,52.12,2.72
2026-09-02 19:30:00,22.44,1000.73,54.57,2.46
2026-09-02 19:35:00,22.74,1000.95,52.82,7.03
2026-09-02 19:40:00,22.02,1000.85,56.26,2.9
2026-09-02 19:45:00,21.41,1000.79,58.68,4.88
2026-09-02 19:50:00,21.29,1000.97,58.47,4.34
2026-09-02 19:55:00,21.77,1000.98,58.7,5.16
2026-09-02 20:00:00,21.66,1001.42,56.32,7.96
2026-09-02 20:05:00,21.0,1001.15,61.85,7.82
2026-09-02 20:10:00,21.42,1000.91,57.91,4.26
2026-09-02 20:15:00,20.31,1001.07,62.44,0.68
2026-09-02 20:20:00,20.76,1001.34,62.24,4.1
2026-09-02 20:25:00,20.11,1001.53,63.44,5.31
2026-09-02 20:30:00,20.14,1001.01,64.92,4.97
2026-09-02 20:35:00,20.23,1001.01,61.42,5.65
2026-09-02 20:40:00,19.67,1001.61,68.72,2.25
2026-09-02 20:45:00,19.67,1001.42,66.18,5.61
2026-09-02 20:50:00,20.04,1001.27,64.67,2.47
2026-09-02 20:55:00,19.22,1001.52,67.65,6.48
2026-09-02 21:00:00,19.6,1001.09,67.31,3.54
2026-09-02 21:05:00,18.62,1001.52,70.27,6.12
2026-09-02 21:10:00,19.1,1001.61,67.83,1.22
2026-09-02 21:15:00,19.28,1001.74,67.38,3.98
2026-09-02 21:20:00,17.53,1001.49,75.27,6.08
2026-09-02 21:25:00,18.02,1001.69,76.43,2.79
2026-09-02 21:30:00,18.39,1001.58,70.74,6.93
2026-09-02 21:35:00,17.9,1001.8,76.72,5.49
2026-09-02 21:40:00,17.95,1001.67,74.74,5.18
2026-09-02 21:45:00,17.39,1001.78,75.72,3.63
2026-09-02 21:50:00,17.49,1001.73,76.22,4.46
2026-09-02 21:55:00,17.22,1002.01,80.62,5.25
2026-09-02 22:00:00,17.58,1002.08,75.95,4.4
2026-09-02 22:05:00,17.05,1001.95,81.53,6.02
2026-09-02 22:10:00,16.92,1002.03,82.48,4.15
2026-09-02 22:15:00,16.45,1001.84,84.64,2.61
2026-09-02 22:20:00,16.26,1002.05,83.28,2.7
2026-09-02 22:25:00,16.12,1002.12,82.3,0.42
2026-09-02 22:30:00,16.3,1002.07,82.7,3.29
2026-09-02 22:35:00,15.82,1002.02,87.28,6.47
2026-09-02 22:40:00,15.95,1002.43,86.77,6.91
2026-09-02 22:45:00,16.51,1002.39,86.97,2.62
2026-09-02 22:50:00,15.88,1002.31,87.17,9.83
2026-09-02 22:55:00,15.26,1002.56,91.24,4.59
2026-09-02 23:00:00,15.73,1002.37,86.87,8.68
2026-09-02 23:05:00,14.94,1002.39,91.84,6.09
2026-09-02 23:10:00,14.16,1002.35,91.07,6.23
2026-09-02 23:15:00,14.43,1002.56,90.7,1.64
2026-09-02 23:20:00,13.96,1002.55,91.22,2.74
2026-09-02 23:25:00,14.44,1002.31,91.89,0.52
2026-09-02 23:30:00,14.46,1002.22,89.99,6.17
2026-09-02 23:35:00,15.0,1002.4,90.63,3.57
2026-09-02 23:40:00,14.34,1002.31,89.51,6.84
2026-09-02 23:45:00,14.01,1002.43,90.77,3.54
2026-09-02 23:50:00,14.32,1002.63,90.88,7.19
2026-09-02 23:55:00,12.99,1002.38,90.58,2.06
2026-09-03 00:00:00,13.86,1002.44,90.34,2.4
2026-09-03 00:05:00,13.98,1002.46,89.65,3.55
2026-09-03 00:10:00,12.98,1002.57,90.79,3.99
2026-09-03 00:15:00,13.93,1002.1,91.4,3.6
2026-09-03 00:20:00,13.52,1002.34,90.34,6.61
2026-09-03 00:25:00,13.13,1002.46,90.83,1.76
2026-09-03 00:30:00,13.46,1002.6,89.85,3.62
2026-09-03 00:35:00,14.03,1002.33,90.9,7.41
2026-09-03 00:40:00,13.12,1002.11,90.42,1.45
2026-09-03 00:45:00,13.07,1002.47,90.23,9.29
2026-09-03 00:50:00,12.72,1002.26,90.2,11.39
2026-09-03 00:55:00,12.5,1002.16,90.37,1.67
2026-09-03 01:00:00,13.1,1002.22,90.8,3.23
2026-09-03 01:05:00,12.37,1002.26,89.9,3.75
2026-09-03 01:10:00,12.69,1002.18,90.38,6.73
2026-09-03 01:15:00,12.41,1001.91,90.54,5.24
2026-09-03 01:20:00,12.75,1002.35,90.04,5.59
2026-09-03 01:25:00,12.65,1002.38,91.48,6.55
2026-09-03 01:30:00,12.89,1002.25,90.17,1.95
2026-09-03 01:35:00,12.23,1001.95,90.22,7.36
2026-09-03 01:40:00,12.29,1002.06,90.07,6.08
2026-09-03 01:45:00,11.98,1002.06,91.43,5.1
2026-09-03 01:50:00,12.17,1002.11,90.82,8.17
2026-09-03 01:55:00,12.48,1002.09,90.1,6.04
2026-09-03 02:00:00,12.61,1001.84,91.13,2.61
2026-09-03 02:05:00,11.93,1001.93,90.63,4.12
2026-09-03 02:10:00,12.63,1001.95,90.71,4.54
2026-09-03 02:15:00,12.82,1002.06,90.42,1.31
2026-09-03 02:20:00,12.44,1001.91,90.19,9.67
2026-09-03 02:25:00,13.03,1001.88,90.77,2.04
2026-09-03 02:30:00,11.98,1001.73,90.26,6.01
2026-09-03 02:35:00,11.8,1001.89,91.43,4.62
2026-09-03 02:40:00,11.6,1001.7,89.87,0.89
2026-09-03 02:45:00,12.93,1001.47,91.37,8.85
2026-09-03 02:50:00,12.61,1001.77,90.52,7.6
2026-09-03 02:55:00,12.35,1001.63,90.71,4.74
2026-09-03 03:00:00,12.51,1001.41,90.99,2.8
2026-09-03 03:05:00,11.98,1001.37,90.22,1.98
2026-09-03 03:10:00,13.45,1001.45,91.07,3.7
2026-09-03 03:15:00,12.56,1001.43,89.22,2.99
2026-09-03 03:20:00,12.6,1001.36,90.22,4.62
2026-09-03 03:25:00,12.89,1001.34,90.13,10.13
2026-09-03 03:30:00,12.84,1001.51,89.97,5.09
2026-09-03 03:35:00,12.8,1001.38,90.48,8.17
2026-09-03 03:40:00,12.45,1001.21,90.76,5.64
2026-09-03 03:45:00,13.01,1001.29,90.96,4.42
2026-09-03 03:50:00,13.64,1000.96,90.77,7.64
2026-09-03 03:55:00,13.5,1001.15,90.31,4.39
2026-09-03 04:00:00,13.67,1001.33,90.83,7.84
2026-09-03 04:05:00,12.9,1001.0,90.66,3.23
2026-09-03 04:10:00,12.79,1000.88,91.06,2.04
2026-09-03 04:15:00,13.22,1000.88,91.01,7.65
2026-09-03 04:20:00,13.37,1000.79,90.65,5.18
2026-09-03 04:25:00,13.88,1000.82,90.22,8.16
2026-09-03 04:30:00,12.85,1000.86,90.27,9.17
2026-09-03 04:35:00,14.24,1000.69,90.41,1.29
2026-09-03 04:40:00,13.66,1000.89,90.49,4.59
2026-09-03 04:45:00,13.65,1001.01,90.78,3.77
2026-09-03 04:50:00,13.52,1000.73,91.0,5.45
2026-09-03 04:55:00,13.37,1001.08,90.6,6.91
2026-09-03 05:00:00,14.47,1000.92,90.71,3.16
2026-09-03 05:05:00,14.29,1001.0,90.76,4.96
2026-09-03 05:10:00,13.85,1000.74,90.41,6.11
2026-09-03 05:15:00,13.97,1000.97,90.21,2.09
2026-09-03 05:20:00,14.47,1000.68,89.83,7.13
2026-09-03 05:25:00,15.4,1000.99,90.42,5.31
2026-09-03 05:30:00,14.75,1000.89,90.96,9.5
2026-09-03 05:35:00,14.38,1000.95,90.35,3.54
2026-09-03 05:40:00,15.01,1000.71,90.62,1.86
2026-09-03 05:45:00,15.14,1000.77,90.98,4.62
2026-09-03 05:50:00,14.3,1001.01,90.95,1.65
2026-09-03 05:55:00,15.49,1000.8,90.24,10.28
2026-09-03 06:00:00,15.56,1001.03,91.28,1.09
2026-09-03 06:05:00,16.07,1000.78,91.38,6.51
2026-09-03 06:10:00,16.68,1001.15,90.29,4.75
2026-09-03 06:15:00,16.53,1000.87,90.43,3.73
2026-09-03 06:20:00,16.12,1001.17,91.41,1.44
2026-09-03 06:25:00,16.31,1001.22,90.73,5.43
2026-09-03 06:30:00,16.51,1001.06,90.44,5.16
2026-09-03 06:35:00,16.7,1001.29,90.16,3.16
2026-09-03 06:40:00,16.83,1001.29,89.38,8.54
2026-09-03 06:45:00,16.97,1001.21,89.88,3.31
2026-09-03 06:50:00,17.22,1001.19,89.64,4.25
2026-09-03 06:55:00,17.24,1001.1,90.39,4.87
2026-09-03 07:00:00,17.22,1001.5,91.62,1.79
2026-09-03 07:05:00,17.39,1001.27,89.99,9.02
2026-09-03 07:10:00,17.76,1001.58,87.48,3.77
2026-09-03 07:15:00,17.71,1001.58,87.96,1.6
2026-09-03 07:20:00,17.81,1001.79,88.71,3.85
2026-09-03 07:25:00,18.3,1001.71,86.79,5.27
2026-09-03 07:30:00,18.31,1001.77,83.75,4.67
2026-09-03 07:35:00,18.66,1002.0,79.64,5.99
2026-09-03 07:40:00,19.0,1002.01,86.94,1.31
2026-09-03 07:45:00,19.34,1002.08,77.22,3.18
2026-09-03 07:50:00,19.57,1002.17,80.26,7.19
2026-09-03 07:55:00,18.41,1001.95,85.72,1.59
2026-09-03 08:00:00,19.26,1002.37,81.18,7.65
2026-09-03 08:05:00,19.42,1002.43,79.64,1.72
2026-09-03 08:10:00,19.17,1002.26,82.96,7.5
2026-09-03 08:15:00,19.59,1002.46,76.6,3.78
2026-09-03 08:20:00,19.62,1002.57,79.67,5.54
2026-09-03 08:25:00,20.93,1002.64,72.95,2.34
2026-09-03 08:30:00,20.77,1002.8,71.93,1.51
2026-09-03 08:35:00,21.06,1003.05,72.6,2.88
2026-09-03 08:40:00,21.01,1003.08,72.23,2.18
2026-09-03 08:45:00,20.43,1002.81,76.25,3.63
2026-09-03 08:50:00,20.84,1003.19,74.0,5.08
2026-09-03 08:55:00,21.4,1003.38,70.09,5.68
2026-09-03 09:00:00,20.88,1003.33,76.41,7.58
2026-09-03 09:05:00,21.81,1003.52,70.14,6.32
2026-09-03 09:10:00,21.59,1003.75,71.16,5.97
2026-09-03 09:15:00,21.69,1003.69,69.88,4.52
2026-09-03 09:20:00,22.29,1003.67,68.75,5.01
2026-09-03 09:25:00,22.34,1003.87,67.71,4.61
2026-09-03 09:30:00,22.17,1003.83,69.09,8.62
2026-09-03 09:35:00,22.93,1003.9,63.67,3.26
2026-09-03 09:40:00,22.18,1003.93,66.62,0.49
2026-09-03 09:45:00,23.01,1004.31,60.28,6.64
2026-09-03 09:50:00,23.15,1004.04,63.25,3.1
2026-09-03 09:55:00,22.94,1004.47,63.28,9.75
2026-09-03 10:00:00,23.34,1004.4,64.56,9.24
2026-09-03 10:05:00,22.85,1004.2,64.59,1.88
2026-09-03 10:10:00,23.86,1004.55,59.33,2.24
2026-09-03 10:15:00,23.56,1004.27,62.54,5.56
2026-09-03 10:20:00,23.56,1004.76,60.86,6.55
2026-09-03 10:25:00,24.32,1004.88,60.02,3.86
2026-09-03 10:30:00,23.76,1004.73,62.44,7.68
2026-09-03 10:35:00,23.61,1004.92,63.0,6.54
2026-09-03 10:40:00,23.68,1005.27,60.92,4.33
2026-09-03 10:45:00,24.67,1004.98,58.64,6.28
2026-09-03 10:50:00,24.04,1004.97,58.14,8.23
2026-09-03 10:55:00,25.37,1005.42,55.6,3.45
2026-09-03 11:00:00,23.96,1005.56,61.78,9.46
2026-09-03 11:05:00,25.59,1005.34,56.12,5.23
2026-09-03 11:10:00,25.11,1005.55,57.99,6.61
2026-09-03 11:15:00,25.09,1005.67,57.54,10.28
2026-09-03 11:20:00,25.02,1005.42,59.45,10.14
2026-09-03 11:25:00,25.51,1005.52,55.24,4.92
2026-09-03 11:30:00,25.43,1005.84,56.18,3.51
2026-09-03 11:35:00,25.99,1005.96,53.79,8.89
2026-09-03 11:40:00,25.69,1005.85,53.07,5.5
2026-09-03 11:45:00,25.8,1005.68,55.0,3.38
2026-09-03 11:50:00,25.69,1006.17,57.31,11.27
2026-09-03 11:55:00,25.9,1005.84,54.26,3.47
2026-09-03 12:00:00,26.13,1005.91,54.23,1.2
2026-09-03 12:05:00,25.4,1006.06,55.26,1.06
2026-09-03 12:10:00,25.62,1006.29,54.69,7.35
2026-09-03 12:15:00,26.54,1006.22,52.68,7.78
2026-09-03 12:20:00,26.38,1006.2,50.24,4.57
2026-09-03 12:25:00,26.3,1006.24,53.81,4.67
2026-09-03 12:30:00,26.45,1006.21,51.4,4.85
2026-09-03 12:35:00,26.64,1006.32,53.15,8.06
2026-09-03 12:40:00,26.35,1006.29,52.09,1.85
2026-09-03 12:45:00,26.31,1006.26,53.89,12.34
2026-09-03 12:50:00,26.75,1006.36,52.76,3.81
2026-09-03 12:55:00,26.33,1006.18,53.28,3.56
2026-09-03 13:00:00,26.92,1006.44,50.76,3.31
2026-09-03 13:05:00,26.12,1006.37,53.86,9.28
2026-09-03 13:10:00,27.25,1006.68,49.04,3.85
2026-09-03 13:15:00,27.06,1006.67,50.31,2.22
2026-09-03 13:20:00,27.0,1006.39,52.2,11.05
2026-09-03 13:25:00,27.32,1006.45,50.45,10.74
2026-09-03 13:30:00,27.62,1006.47,49.53,5.52
2026-09-03 13:35:00,27.38,1006.43,48.22,8.46
2026-09-03 13:40:00,26.25,1006.54,53.21,6.94
2026-09-03 13:45:00,26.48,1006.41,52.71,10.65
2026-09-03 13:50:00,26.75,1006.36,49.22,4.74
2026-09-03 13:55:00,27.02,1006.63,51.23,6.63
2026-09-03 14:00:00,27.22,1006.64,50.52,6.28
2026-09-03 14:05:00,26.71,1006.43,52.47,5.09
2026-09-03 14:10:00,27.07,1006.69,49.33,11.47
2026-09-03 14:15:00,26.69,1006.47,49.26,3.28
2026-09-03 14:20:00,26.73,1006.6,52.51,3.1
2026-09-03 14:25:00,26.39,1006.69,53.56,7.13
2026-09-03 14:30:00,26.56,1006.57,50.12,7.95
2026-09-03 14:35:00,26.37,1006.64,52.14,3.57
2026-09-03 14:40:00,26.49,1006.5,54.45,5.4
2026-09-03 14:45:00,27.27,1006.55,49.0,13.11
2026-09-03 14:50:00,26.43,1006.55,51.8,4.07
2026-09-03 14:55:00,27.82,1006.47,48.35,8.02
2026-09-03 15:00:00,26.92,1006.56,48.25,8.85
2026-09-03 15:05:00,26.75,1006.35,50.94,5.87
2026-09-03 15:10:00,26.29,1006.51,51.85,12.65
2026-09-03 15:15:00,26.86,1006.55,50.76,8.76
2026-09-03 15:20:00,26.29,1006.56,52.2,5.92
2026-09-03 15:25:00,26.51,1006.56,51.41,6.93
2026-09-03 15:30:00,27.42,1006.59,49.15,8.18
2026-09-03 15:35:00,26.29,1006.68,50.44,7.12
2026-09-03 15:40:00,26.71,1006.75,51.14,10.88
2026-09-03 15:45:00,25.9,1006.52,50.54,4.97
2026-09-03 15:50:00,26.09,1006.45,50.17,4.45
2026-09-03 15:55:00,26.73,1006.48,51.74,3.64
2026-09-03 16:00:00,25.69,1006.58,53.68,1.45
2026-09-03 16:05:00,26.57,1006.61,50.53,1.55
2026-09-03 16:10:00,26.04,1006.56,51.52,10.51
2026-09-03 16:15:00,25.44,1006.5,53.8,7.81
2026-09-03 16:20:00,25.82,1006.64,54.27,7.59
2026-09-03 16:25:00,25.86,1006.75,52.69,7.1
2026-09-03 16:30:00,25.61,1006.83,52.92,9.97
2026-09-03 16:35:00,24.63,1006.68,58.34,5.84
2026-09-03 16:40:00,24.86,1006.73,58.46,10.27
2026-09-03 16:45:00,24.94,1006.68,55.45,4.77
2026-09-03 16:50:00,24.9,1006.84,56.38,11.51
2026-09-03 16:55:00,25.06,1006.74,53.7,7.76
2026-09-03 17:00:00,24.76,1006.99,57.3,3.85
2026-09-03 17:05:00,24.03,1006.67,58.02,6.4
2026-09-03 17:10:00,24.6,1006.92,57.69,6.1
2026-09-03 17:15:00,24.56,1007.06,56.55,2.68
2026-09-03 17:20:00,24.41,1007.08,58.57,6.54
2026-09-03 17:25:00,24.49,1007.13,56.44,4.23
2026-09-03 17:30:00,24.26,1007.19,59.0,1.59
2026-09-03 17:35:00,23.97,1007.04,58.15,11.72
2026-09-03 17:40:00,23.62,1007.22,60.53,6.85
2026-09-03 17:45:00,23.58,1007.02,61.98,9.73
2026-09-03 17:50:00,23.54,1007.33,59.17,7.09
2026-09-03 17:55:00,23.3,1007.27,61.09,4.41
2026-09-03 18:00:00,23.18,1007.6,61.23,5.6
2026-09-03 18:05:00,22.42,1007.44,64.51,6.96
2026-09-03 18:10:00,22.35,1007.57,65.75,11.7
2026-09-03 18:15:00,23.05,1007.55,62.48,3.5
2026-09-03 18:20:00,22.46,1007.98,66.51,9.27
2026-09-03 18:25:00,22.59,1007.74,62.49,10.25
2026-09-03 18:30:00,22.18,1008.14,66.26,6.68
2026-09-03 18:35:00,22.02,1008.06,64.42,10.3
2026-09-03 18:40:00,22.22,1008.09,66.79,4.45
2026-09-03 18:45:00,21.48,1008.15,68.03,10.85
2026-09-03 18:50:00,21.57,1008.24,64.29,6.79
2026-09-03 18:55:00,21.18,1007.98,68.57,1.27
2026-09-03 19:00:00,21.03,1008.31,68.78,9.35
2026-09-03 19:05:00,20.92,1008.57,67.92,4.9
2026-09-03 19:10:00,20.96,1008.53,71.36,4.69
2026-09-03 19:15:00,20.52,1008.42,71.32,5.42
2026-09-03 19:20:00,21.05,1008.71,68.01,2.37
2026-09-03 19:25:00,20.02,1009.07,73.39,4.64
2026-09-03 19:30:00,20.14,1009.11,73.48,7.72
2026-09-03 19:35:00,19.87,1009.01,74.2,0.72
2026-09-03 19:40:00,20.46,1009.26,72.43,3.21
2026-09-03 19:45:00,19.79,1009.17,75.83,0.28
2026-09-03 19:50:00,19.96,1009.07,71.24,4.1
2026-09-03 19:55:00,18.78,1009.3,78.09,6.33
2026-09-03 20:00:00,19.31,1009.78,75.26,6.96
2026-09-03 20:05:00,19.4,1009.61,76.83,9.37
2026-09-03 20:10:00,18.91,1009.73,74.55,5.33
2026-09-03 20:15:00,19.13,1009.83,80.14,2.98
2026-09-03 20:20:00,18.33,1010.27,81.08,8.83
2026-09-03 20:25:00,18.94,1010.34,76.99,6.72
2026-09-03 20:30:00,19.13,1010.55,78.39,5.08
2026-09-03 20:35:00,17.9,1010.31,86.59,6.0
2026-09-03 20:40:00,17.7,1010.49,84.11,8.84
2026-09-03 20:45:00,18.29,1010.33,81.45,6.14
2026-09-03 20:50:00,18.18,1010.9,80.19,3.73
2026-09-03 20:55:00,17.18,1010.62,85.14,6.15
2026-09-03 21:00:00,17.06,1010.94,85.85,1.12
2026-09-03 21:05:00,16.95,1010.86,85.08,3.84
2026-09-03 21:10:00,16.37,1011.05,88.65,3.97
2026-09-03 21:15:00,16.38,1011.13,86.66,2.35
2026-09-03 21:20:00,16.19,1011.28,90.73,0.84
2026-09-03 21:25:00,16.13,1011.41,88.05,2.08
2026-09-03 21:30:00,16.27,1011.52,90.04,5.67
2026-09-03 21:35:00,16.23,1011.85,90.05,7.0
2026-09-03 21:40:00,16.6,1011.67,88.29,11.59
2026-09-03 21:45:00,15.44,1011.98,90.36,3.59
2026-09-03 21:50:00,16.08,1012.24,90.08,5.26
2026-09-03 21:55:00,15.46,1012.1,91.68,9.15
2026-09-03 22:00:00,15.38,1012.18,90.45,2.35
2026-09-03 22:05:00,15.53,1012.36,90.73,6.18
2026-09-03 22:10:00,14.67,1012.68,91.23,6.52
2026-09-03 22:15:00,15.14,1012.64,90.67,1.68
2026-09-03 22:20:00,14.92,1012.64,90.11,7.73
2026-09-03 22:25:00,14.92,1012.89,90.96,7.12
2026-09-03 22:30:00,14.71,1012.76,90.37,1.01
2026-09-03 22:35:00,15.44,1013.13,90.5,1.7
2026-09-03 22:40:00,14.08,1013.18,90.32,1.23
2026-09-03 22:45:00,14.0,1013.18,90.11,3.51
2026-09-03 22:50:00,13.85,1013.19,90.64,4.64
2026-09-03 22:55:00,13.76,1013.28,89.92,4.79
2026-09-03 23:00:00,13.61,1013.58,91.12,3.07
2026-09-03 23:05:00,14.23,1013.78,90.72,8.57
2026-09-03 23:10:00,14.21,1013.59,90.9,3.73
2026-09-03 23:15:00,13.31,1013.84,90.39,1.19
2026-09-03 23:20:00,13.1,1013.54,90.43,3.29
2026-09-03 23:25:00,13.52,1013.85,90.78,4.79
2026-09-03 23:30:00,13.02,1014.01,90.02,3.98
2026-09-03 23:35:00,13.4,1013.96,90.45,3.11
2026-09-03 23:40:00,13.14,1014.03,90.18,2.06
2026-09-03 23:45:00,12.36,1014.14,90.11,7.19
2026-09-03 23:50:00,13.5,1014.36,89.58,5.34
2026-09-03 23:55:00,13.52,1014.36,91.31,3.48
2026-09-04 00:00:00,12.48,1014.11,90.22,3.81
2026-09-04 00:05:00,12.5,1014.2,91.15,5.4
2026-09-04 00:10:00,12.7,1014.49,91.12,6.19
2026-09-04 00:15:00,12.65,1014.7,89.94,3.88
2026-09-04 00:20:00,12.71,1014.28,90.04,8.44
2026-09-04 00:25:00,13.2,1014.67,91.9,4.98
2026-09-04 00:30:00,12.26,1014.72,91.43,4.26
2026-09-04 00:35:00,11.96,1015.06,90.52,5.61
2026-09-04 00:40:00,11.68,1014.84,90.64,9.61
2026-09-04 00:45:00,11.9,1015.0,90.21,6.92
2026-09-04 00:50:00,12.13,1015.01,90.76,1.11
2026-09-04 00:55:00,12.83,1014.71,90.23,3.5
2026-09-04 01:00:00,11.87,1015.19,89.51,4.39
2026-09-04 01:05:00,12.13,1015.14,89.88,3.38
2026-09-04 01:10:00,12.01,1015.22,90.54,6.04
2026-09-04 01:15:00,12.47,1015.06,90.0,7.28
2026-09-04 01:20:00,12.98,1014.9,90.57,6.31
2026-09-04 01:25:00,11.75,1015.5,89.98,11.72
2026-09-04 01:30:00,11.75,1015.23,90.12,3.1
2026-09-04 01:35:00,12.36,1015.35,90.99,7.93
2026-09-04 01:40:00,12.21,1015.32,90.67,6.63
2026-09-04 01:45:00,12.67,1015.29,90.58,3.69
2026-09-04 01:50:00,12.17,1015.29,90.99,6.33
2026-09-04 01:55:00,11.8,1015.45,90.76,1.82
2026-09-04 02:00:00,12.2,1015.19,91.27,6.86
2026-09-04 02:05:00,12.42,1015.55,90.33,4.79
2026-09-04 02:10:00,12.32,1015.39,90.34,3.23
2026-09-04 02:15:00,12.22,1015.3,89.9,5.68
2026-09-04 02:20:00,12.47,1015.42,90.35,5.57
2026-09-04 02:25:00,12.54,1015.69,91.05,2.67
2026-09-04 02:30:00,12.66,1015.44,91.23,0.97
2026-09-04 02:35:00,12.41,1015.58,91.04,4.15
2026-09-04 02:40:00,12.13,1015.43,89.65,5.05
2026-09-04 02:45:00,12.3,1015.67,91.1,7.96
2026-09-04 02:50:00,12.77,1015.67,89.67,8.93
2026-09-04 02:55:00,12.02,1015.86,90.98,4.77
2026-09-04 03:00:00,12.55,1015.56,90.39,6.51
2026-09-04 03:05:00,12.31,1015.7,90.91,4.18
2026-09-04 03:10:00,12.54,1015.63,89.91,6.44
2026-09-04 03:15:00,13.11,1015.82,91.2,2.63
2026-09-04 03:20:00,12.75,1015.53,89.85,3.75
2026-09-04 03:25:00,12.77,1015.76,90.25,5.52
2026-09-04 03:30:00,12.28,1015.64,90.05,0.74
2026-09-04 03:35:00,13.21,1015.67,90.56,6.23
2026-09-04 03:40:00,13.26,1015.71,91.07,7.39
2026-09-04 03:45:00,13.95,1015.74,91.57,3.93
2026-09-04 03:50:00,13.06,1015.7,91.94,4.24
2026-09-04 03:55:00,13.37,1015.77,90.68,7.59
2026-09-04 04:00:00,13.48,1015.99,91.2,6.72
2026-09-04 04:05:00,14.12,1015.92,90.8,3.21
2026-09-04 04:10:00,13.56,1015.92,90.89,3.44
2026-09-04 04:15:00,13.82,1015.75,90.49,5.86
2026-09-04 04:20:00,14.06,1015.7,90.78,5.01
2026-09-04 04:25:00,14.01,1016.0,90.94,2.31
2026-09-04 04:30:00,13.88,1016.02,90.38,3.35
2026-09-04 04:35:00,14.26,1016.13,90.65,8.35
2026-09-04 04:40:00,14.74,1015.85,89.83,5.94
2026-09-04 04:45:00,14.03,1015.93,91.09,11.36
2026-09-04 04:50:00,14.62,1015.75,88.96,6.64
2026-09-04 04:55:00,14.42,1015.97,87.51,9.28
2026-09-04 05:00:00,15.32,1016.22,85.45,2.71
2026-09-04 05:05:00,14.37,1016.03,91.28,6.68
2026-09-04 05:10:00,14.9,1016.24,87.51,0.79
2026-09-04 05:15:00,15.42,1016.16,84.82,5.8
2026-09-04 05:20:00,16.05,1016.28,80.25,4.38
2026-09-04 05:25:00,15.55,1016.1,81.96,3.59
2026-09-04 05:30:00,15.51,1016.33,83.84,7.75
2026-09-04 05:35:00,16.64,1015.92,76.88,7.63
2026-09-04 05:40:00,15.46,1016.39,81.59,0.83
2026-09-04 05:45:00,15.32,1016.23,84.24,5.33
2026-09-04 05:50:00,16.54,1016.71,76.04,3.72
2026-09-04 05:55:00,16.33,1016.7,79.99,4.03
2026-09-04 06:00:00,16.29,1016.71,77.62,7.35
2026-09-04 06:05:00,17.15,1016.93,76.31,3.35
2026-09-04 06:10:00,17.14,1016.63,76.0,9.31
2026-09-04 06:15:00,16.99,1017.1,76.0,2.45
2026-09-04 06:20:00,16.87,1017.04,74.03,5.73
2026-09-04 06:25:00,17.91,1016.94,67.79,5.81
2026-09-04 06:30:00,18.0,1017.21,68.49,2.96
2026-09-04 06:35:00,17.88,1016.95,69.27,3.45
2026-09-04 06:40:00,18.84,1017.07,68.79,7.38
2026-09-04 06:45:00,17.85,1017.18,71.36,6.59
2026-09-04 06:50:00,17.85,1017.27,70.82,3.47
2026-09-04 06:55:00,18.37,1017.28,65.19,4.81
2026-09-04 07:00:00,18.82,1017.7,65.18,1.39
2026-09-04 07:05:00,19.12,1017.57,65.93,2.66
2026-09-04 07:10:00,19.11,1017.74,65.38,4.49
2026-09-04 07:15:00,19.54,1017.7,63.28,1.65
2026-09-04 07:20:00,19.08,1017.6,66.14,7.49
2026-09-04 07:25:00,20.35,1018.0,61.12,6.19
2026-09-04 07:30:00,19.93,1017.77,61.67,9.33
2026-09-04 07:35:00,20.6,1018.14,58.99,5.98
2026-09-04 07:40:00,20.48,1018.05,60.0,9.24
2026-09-04 07:45:00,20.72,1018.65,61.71,4.95
2026-09-04 07:50:00,20.96,1018.58,56.08,5.27
2026-09-04 07:55:00,21.1,1018.56,58.52,10.68
2026-09-04 08:00:00,21.37,1018.84,56.63,5.58
2026-09-04 08:05:00,21.84,1018.63,55.8,0.98
2026-09-04 08:10:00,21.58,1018.94,54.74,6.35
2026-09-04 08:15:00,21.98,1018.99,53.9,8.67
2026-09-04 08:20:00,21.85,1019.1,55.53,7.17
2026-09-04 08:25:00,22.65,1019.36,55.33,5.37
2026-09-04 08:30:00,22.0,1019.39,54.48,6.1
2026-09-04 08:35:00,22.32,1019.43,49.38,12.55
2026-09-04 08:40:00,22.63,1019.24,51.21,1.81
2026-09-04 08:45:00,22.27,1019.45,51.9,6.22
2026-09-04 08:50:00,23.08,1019.68,49.11,3.45
2026-09-04 08:55:00,22.94,1019.82,50.31,6.09
2026-09-04 09:00:00,23.74,1019.75,49.93,5.87
2026-09-04 09:05:00,23.33,1020.39,47.35,2.5
2026-09-04 09:10:00,23.6,1020.36,49.31,2.97
2026-09-04 09:15:00,23.2,1020.33,50.21,6.12
2026-09-04 09:20:00,23.96,1020.35,47.35,2.32
2026-09-04 09:25:00,23.35,1020.41,49.27,3.5
2026-09-04 09:30:00,23.87,1020.41,49.36,8.52
2026-09-04 09:35:00,24.99,1020.67,44.66,4.02
2026-09-04 09:40:00,25.17,1020.79,43.49,5.26
2026-09-04 09:45:00,25.21,1020.67,43.91,10.89
2026-09-04 09:50:00,24.82,1021.01,44.34,3.31
2026-09-04 09:55:00,25.36,1021.03,42.81,4.61
2026-09-04 10:00:00,25.55,1020.87,41.51,6.37
2026-09-04 10:05:00,25.26,1021.12,45.06,7.88
2026-09-04 10:10:00,26.49,1021.28,41.59,10.18
2026-09-04 10:15:00,26.4,1021.72,41.78,10.57
2026-09-04 10:20:00,26.13,1021.62,40.68,8.28
2026-09-04 10:25:00,26.39,1021.42,39.81,3.46
2026-09-04 10:30:00,26.62,1021.78,39.01,1.08
2026-09-04 10:35:00,25.87,1021.57,40.4,4.79
2026-09-04 10:40:00,26.74,1022.05,42.2,2.7
2026-09-04 10:45:00,26.72,1021.89,38.85,7.74
2026-09-04 10:50:00,26.74,1022.03,39.39,7.27
2026-09-04 10:55:00,27.18,1022.32,37.85,1.49
2026-09-04 11:00:00,28.15,1022.01,38.13,9.5
2026-09-04 11:05:00,27.83,1022.07,37.21,3.79
2026-09-04 11:10:00,27.48,1022.26,37.32,5.36
2026-09-04 11:15:00,28.08,1022.57,37.81,7.51
2026-09-04 11:20:00,28.54,1022.26,35.83,5.38
2026-09-04 11:25:00,28.48,1022.12,35.87,5.51
2026-09-04 11:30:00,28.26,1022.54,37.53,1.89
2026-09-04 11:35:00,28.1,1022.76,38.84,5.21
2026-09-04 11:40:00,28.76,1022.91,37.56,8.79
2026-09-04 11:45:00,28.75,1022.72,35.16,11.51
2026-09-04 11:50:00,29.07,1022.78,36.04,5.37
2026-09-04 11:55:00,29.07,1023.06,34.22,5.48
2026-09-04 12:00:00,29.35,1022.65,34.48,8.16
2026-09-04 12:05:00,28.82,1022.92,34.17,12.56
2026-09-04 12:10:00,29.66,1023.05,34.53,4.15
2026-09-04 12:15:00,29.31,1023.13,34.15,5.69
2026-09-04 12:20:00,30.16,1023.02,34.03,9.45
2026-09-04 12:25:00,29.14,1023.14,35.74,7.29
2026-09-04 12:30:00,30.2,1022.79,30.98,2.58
2026-09-04 12:35:00,29.67,1023.1,33.71,7.51
2026-09-04 12:40:00,29.41,1023.29,35.06,3.44
2026-09-04 12:45:00,29.55,1023.1,33.31,6.41
2026-09-04 12:50:00,29.69,1023.28,33.93,6.59
2026-09-04 12:55:00,30.06,1023.36,33.06,11.0
2026-09-04 13:00:00,30.16,1023.26,33.77,6.01
2026-09-04 13:05:00,29.78,1023.35,32.25,4.37
2026-09-04 13:10:00,30.06,1023.2,32.76,3.92
2026-09-04 13:15:00,30.98,1023.32,32.0,11.03
2026-09-04 13:20:00,30.87,1023.45,31.23,3.32
2026-09-04 13:25:00,30.4,1023.39,32.94,5.72
2026-09-04 13:30:00,30.28,1023.29,32.84,3.5
2026-09-04 13:35:00,30.35,1023.41,32.79,9.36
2026-09-04 13:40:00,30.59,1023.49,32.22,6.17
2026-09-04 13:45:00,29.97,1023.07,32.43,5.06
2026-09-04 13:50:00,30.3,1023.55,32.64,5.15
2026-09-04 13:55:00,29.76,1023.32,32.65,10.65
2026-09-04 14:00:00,30.61,1023.43,32.67,6.92
2026-09-04 14:05:00,30.72,1023.54,32.32,8.66
2026-09-04 14:10:00,30.28,1023.15,32.28,11.61
2026-09-04 14:15:00,31.11,1023.24,31.82,11.72
2026-09-04 14:20:00,30.0,1023.29,33.05,4.85
2026-09-04 14:25:00,29.91,1023.21,32.55,13.42
2026-09-04 14:30:00,30.58,1023.57,31.48,1.22
2026-09-04 14:35:00,30.9,1023.17,30.5,5.28
2026-09-04 14:40:00,31.15,1023.2,31.56,11.53
2026-09-04 14:45:00,30.28,1023.3,32.21,4.34
2026-09-04 14:50:00,30.87,1023.08,31.57,4.32
2026-09-04 14:55:00,30.4,1023.18,33.46,4.58
2026-09-04 15:00:00,30.33,1023.28,32.02,7.42
2026-09-04 15:05:00,30.72,1023.16,33.27,5.78
2026-09-04 15:10:00,30.59,1023.18,32.81,8.65
2026-09-04 15:15:00,29.67,1023.1,34.2,11.38
2026-09-04 15:20:00,29.75,1022.94,32.57,8.01
2026-09-04 15:25:00,29.83,1023.19,32.06,3.61
2026-09-04 15:30:00,29.92,1023.39,33.24,12.37
2026-09-04 15:35:00,30.28,1023.12,31.57,4.16
2026-09-04 15:40:00,30.26,1023.13,33.53,3.02
2026-09-04 15:45:00,30.11,1023.19,34.81,2.29
2026-09-04 15:50:00,29.72,1022.88,34.13,6.78
2026-09-04 15:55:00,29.61,1023.31,34.53,2.58
2026-09-04 16:00:00,29.8,1023.07,34.36,2.86
2026-09-04 16:05:00,30.21,1023.27,32.56,4.41
2026-09-04 16:10:00,29.88,1022.91,31.71,4.23
2026-09-04 16:15:00,29.44,1023.28,34.22,7.06
2026-09-04 16:20:00,29.82,1023.12,31.95,9.51
2026-09-04 16:25:00,29.81,1023.07,38.69,8.71
2026-09-04 16:30:00,29.8,1023.02,33.58,4.0
2026-09-04 16:35:00,28.55,1022.94,36.56,3.83
2026-09-04 16:40:00,29.01,1023.15,37.09,13.2
2026-09-04 16:45:00,28.61,1022.99,35.39,0.65
2026-09-04 16:50:00,28.44,1022.68,37.03,10.36
2026-09-04 16:55:00,29.32,1022.8,35.07,3.35
2026-09-04 17:00:00,28.57,1022.95,38.49,12.1
2026-09-04 17:05:00,28.78,1023.02,36.6,4.55
2026-09-04 17:10:00,28.52,1022.97,36.79,5.32
2026-09-04 17:15:00,28.61,1023.17,37.25,7.7
2026-09-04 17:20:00,28.34,1022.71,37.56,6.51
2026-09-04 17:25:00,27.68,1023.03,38.73,4.25
2026-09-04 17:30:00,28.47,1022.75,36.28,6.14
2026-09-04 17:35:00,27.75,1023.15,38.91,7.79
2026-09-04 17:40:00,27.2,1023.04,40.04,1.41
2026-09-04 17:45:00,27.52,1023.13,38.59,0.71
2026-09-04 17:50:00,28.17,1022.96,37.73,5.23
2026-09-04 17:55:00,27.78,1023.3,41.3,2.5
2026-09-04 18:00:00,27.16,1023.29,40.53,6.9
2026-09-04 18:05:00,27.03,1023.25,40.37,3.22
2026-09-04 18:10:00,26.9,1023.17,41.03,4.91
2026-09-04 18:15:00,27.72,1023.31,39.59,3.04
2026-09-04 18:20:00,26.9,1023.15,42.93,5.73
2026-09-04 18:25:00,26.78,1023.41,41.17,2.24
2026-09-04 18:30:00,26.88,1023.57,39.94,0.97
2026-09-04 18:35:00,26.41,1023.52,43.54,1.44
2026-09-04 18:40:00,26.07,1023.29,42.03,10.98
2026-09-04 18:45:00,25.94,1023.49,43.21,2.43
2026-09-04 18:50:00,25.84,1023.29,43.71,6.84
2026-09-04 18:55:00,25.71,1023.61,45.23,1.62
2026-09-04 19:00:00,25.86,1023.64,43.25,2.05
2026-09-04 19:05:00,25.44,1023.34,45.02,5.08
2026-09-04 19:10:00,25.56,1023.5,44.94,4.73
2026-09-04 19:15:00,25.08,1023.68,45.68,10.32
2026-09-04 19:20:00,24.98,1023.73,47.13,10.01
2026-09-04 19:25:00,25.0,1023.65,50.09,7.18
2026-09-04 19:30:00,25.01,1023.94,47.59,5.56
2026-09-04 19:35:00,24.62,1023.98,47.52,4.47
2026-09-04 19:40:00,24.72,1023.97,48.86,3.78
2026-09-04 19:45:00,24.78,1023.94,47.66,9.68
2026-09-04 19:50:00,24.84,1024.28,46.46,5.38
2026-09-04 19:55:00,23.79,1024.43,51.15,5.16
2026-09-04 20:00:00,24.13,1024.17,49.8,2.83
2026-09-04 20:05:00,23.11,1024.21,54.08,1.2
2026-09-04 20:10:00,23.62,1024.44,50.58,9.37
2026-09-04 20:15:00,22.79,1024.38,52.44,3.37
2026-09-04 20:20:00,22.8,1024.47,54.17,4.2
2026-09-04 20:25:00,23.66,1024.67,51.68,1.92
2026-09-04 20:30:00,22.66,1024.34,55.5,7.41
2026-09-04 20:35:00,22.67,1024.89,54.22,0.92
2026-09-04 20:40:00,22.77,1024.77,55.7,7.37
2026-09-04 20:45:00,22.46,1024.76,55.79,2.14
2026-09-04 20:50:00,22.17,1024.88,56.9,8.11
2026-09-04 20:55:00,22.1,1024.95,56.17,6.29
2026-09-04 21:00:00,22.76,1024.76,55.34,2.33
2026-09-04 21:05:00,21.62,1025.31,59.24,5.02
2026-09-04 21:10:00,21.57,1025.16,62.82,3.37
2026-09-04 21:15:00,21.76,1025.28,57.55,2.44
2026-09-04 21:20:00,21.63,1025.42,60.26,7.7
2026-09-04 21:25:00,21.52,1025.19,59.03,3.95
2026-09-04 21:30:00,21.15,1025.47,59.79,3.92
2026-09-04 21:35:00,20.29,1025.42,64.33,2.37
2026-09-04 21:40:00,21.26,1025.65,60.91,3.82
2026-09-04 21:45:00,20.0,1025.26,62.75,7.88
2026-09-04 21:50:00,20.44,1025.62,64.6,3.69
2026-09-04 21:55:00,19.88,1025.6,65.23,9.57
2026-09-04 22:00:00,20.01,1025.81,66.98,9.41
2026-09-04 22:05:00,20.04,1025.87,62.92,2.18
2026-09-04 22:10:00,19.9,1025.75,66.37,2.43
2026-09-04 22:15:00,19.81,1025.8,66.83,7.75
2026-09-04 22:20:00,20.15,1025.93,67.02,3.88
2026-09-04 22:25:00,19.56,1025.86,69.53,0.36
2026-09-04 22:30:00,19.15,1026.17,69.92,3.11
2026-09-04 22:35:00,19.51,1026.03,68.12,5.25
2026-09-04 22:40:00,19.48,1025.69,68.01,6.97
2026-09-04 22:45:00,18.39,1026.11,72.7,2.08
2026-09-04 22:50:00,19.01,1026.04,70.68,1.88
2026-09-04 22:55:00,18.93,1025.99,71.01,8.79
2026-09-04 23:00:00,18.42,1026.08,73.41,6.49
2026-09-04 23:05:00,18.98,1026.31,69.3,5.19
2026-09-04 23:10:00,18.27,1026.52,75.98,6.66
2026-09-04 23:15:00,18.27,1026.39,77.87,4.12
2026-09-04 23:20:00,18.05,1026.28,74.37,6.56
2026-09-04 23:25:00,18.03,1026.45,74.32,3.75
2026-09-04 23:30:00,17.49,1026.33,79.49,2.91
2026-09-04 23:35:00,17.26,1026.31,80.76,6.28
2026-09-04 23:40:00,18.38,1026.26,75.72,4.06
2026-09-04 23:45:00,17.32,1026.18,79.75,10.98
2026-09-04 23:50:00,17.18,1026.39,81.91,3.61
2026-09-04 23:55:00,16.63,1026.47,84.19,8.78
2026-09-05 00:00:00,17.16,1026.44,83.39,9.04
2026-09-05 00:05:00,16.81,1026.39,80.5,2.89
2026-09-05 00:10:00,17.93,1026.3,77.86,6.96
2026-09-05 00:15:00,17.61,1026.53,79.63,4.14
2026-09-05 00:20:00,16.87,1026.23,81.32,8.69
2026-09-05 00:25:00,17.98,1026.53,80.84,4.25
2026-09-05 00:30:00,17.42,1026.25,80.18,6.42
2026-09-05 00:35:00,16.84,1026.27,84.85,4.36
2026-09-05 00:40:00,15.92,1026.15,89.72,2.8
2026-09-05 00:45:00,17.79,1026.27,79.16,2.59
2026-09-05 00:50:00,16.27,1026.47,85.72,4.09
2026-09-05 00:55:00,16.13,1026.37,87.63,6.53
2026-09-05 01:00:00,17.16,1026.41,84.09,5.3
2026-09-05 01:05:00,17.69,1026.31,79.68,5.94
2026-09-05 01:10:00,17.24,1026.03,81.51,3.17
2026-09-05 01:15:00,16.89,1026.11,86.67,4.46
2026-09-05 01:20:00,16.88,1026.01,84.18,1.17
2026-09-05 01:25:00,16.96,1026.28,84.62,7.17
2026-09-05 01:30:00,16.91,1025.86,84.77,11.79
2026-09-05 01:35:00,16.71,1026.13,86.73,3.98
2026-09-05 01:40:00,16.63,1026.08,91.41,0.58
2026-09-05 01:45:00,16.56,1026.18,87.63,2.37
2026-09-05 01:50:00,16.29,1025.79,90.73,5.65
2026-09-05 01:55:00,16.48,1025.91,88.76,5.35
2026-09-05 02:00:00,15.92,1026.09,89.57,6.85
2026-09-05 02:05:00,16.57,1025.6,87.33,2.98
2026-09-05 02:10:00,16.23,1025.41,90.0,6.61
2026-09-05 02:15:00,16.2,1025.3,88.23,5.94
2026-09-05 02:20:00,16.74,1025.63,87.0,3.43
2026-09-05 02:25:00,17.25,1025.18,85.53,4.88
2026-09-05 02:30:00,17.09,1025.34,85.6,2.2
2026-09-05 02:35:00,16.13,1025.4,91.66,4.27
2026-09-05 02:40:00,16.4,1025.3,90.24,8.03
2026-09-05 02:45:00,17.21,1025.28,84.74,4.07
2026-09-05 02:50:00,16.48,1025.18,88.14,7.44
2026-09-05 02:55:00,16.83,1025.28,86.12,5.2
2026-09-05 03:00:00,17.2,1024.88,88.49,2.54
2026-09-05 03:05:00,16.64,1024.85,88.95,5.13
2026-09-05 03:10:00,17.13,1024.77,85.35,4.62
2026-09-05 03:15:00,16.62,1024.95,87.07,3.92
2026-09-05 03:20:00,16.98,1024.89,91.22,1.96
2026-09-05 03:25:00,17.41,1024.76,83.02,4.04
2026-09-05 03:30:00,16.72,1024.8,87.75,1.51
2026-09-05 03:35:00,17.61,1024.38,84.5,1.77
2026-09-05 03:40:00,17.51,1024.75,86.15,4.03
2026-09-05 03:45:00,17.82,1024.66,84.5,3.32
2026-09-05 03:50:00,17.77,1024.48,86.51,8.86
2026-09-05 03:55:00,18.32,1024.57,81.69,3.78
2026-09-05 04:00:00,17.91,1024.34,80.43,6.55
2026-09-05 04:05:00,17.79,1024.1,82.68,4.78
2026-09-05 04:10:00,18.11,1024.01,82.92,6.07
2026-09-05 04:15:00,18.38,1024.17,83.89,3.02
2026-09-05 04:20:00,18.29,1023.84,79.89,9.28
2026-09-05 04:25:00,18.39,1024.06,83.49,4.78
2026-09-05 04:30:00,18.2,1024.09,82.8,7.34
2026-09-05 04:35:00,18.33,1023.93,83.82,3.71
2026-09-05 04:40:00,18.15,1023.82,82.39,1.79
2026-09-05 04:45:00,18.31,1023.82,74.96,5.82
2026-09-05 04:50:00,18.46,1023.81,82.11,0.49
2026-09-05 04:55:00,18.81,1023.81,81.8,4.42
2026-09-05 05:00:00,18.92,1023.69,81.56,2.55
2026-09-05 05:05:00,19.7,1023.52,75.41,5.46
2026-09-05 05:10:00,19.35,1023.42,76.45,10.84
2026-09-05 05:15:00,20.11,1023.14,72.19,4.35
2026-09-05 05:20:00,19.48,1023.24,77.87,7.17
2026-09-05 05:25:00,20.0,1023.65,74.64,4.63
2026-09-05 05:30:00,19.69,1023.13,74.89,4.55
2026-09-05 05:35:00,21.03,1023.31,69.23,8.98
2026-09-05 05:40:00,19.84,1023.4,74.73,8.17
2026-09-05 05:45:00,20.59,1023.03,69.53,6.83
2026-09-05 05:50:00,20.87,1023.22,68.85,3.26
2026-09-05 05:55:00,20.94,1023.3,69.2,4.88
2026-09-05 06:00:00,20.85,1023.14,70.94,2.77
2026-09-05 06:05:00,21.03,1023.54,69.24,4.21
2026-09-05 06:10:00,21.26,1022.84,68.01,4.48
2026-09-05 06:15:00,21.34,1023.23,71.54,7.34
2026-09-05 06:20:00,21.95,1023.03,67.8,8.27
2026-09-05 06:25:00,22.61,1023.15,63.14,4.02
2026-09-05 06:30:00,21.66,1023.09,68.3,0.74
2026-09-05 06:35:00,21.5,1022.9,69.65,7.74
2026-09-05 06:40:00,22.18,1023.03,67.12,2.41
2026-09-05 06:45:00,22.21,1022.71,61.0,5.42
2026-09-05 06:50:00,22.23,1023.07,68.27,0.87
2026-09-05 06:55:00,23.38,1023.02,60.85,3.93
2026-09-05 07:00:00,23.57,1023.07,59.96,11.36
2026-09-05 07:05:00,22.85,1023.13,64.01,1.79
2026-09-05 07:10:00,23.47,1023.03,63.43,4.08
2026-09-05 07:15:00,24.06,1022.99,62.77,3.33
2026-09-05 07:20:00,23.44,1022.84,60.59,8.44
2026-09-05 07:25:00,23.68,1022.87,61.53,7.85
2026-09-05 07:30:00,23.7,1023.16,58.72,2.87
2026-09-05 07:35:00,23.71,1023.21,61.31,1.6
2026-09-05 07:40:00,24.03,1022.96,57.62,5.46
2026-09-05 07:45:00,23.97,1023.02,57.91,3.52
2026-09-05 07:50:00,24.65,1022.88,56.7,5.81
2026-09-05 07:55:00,24.51,1023.21,57.91,0.99
2026-09-05 08:00:00,25.09,1023.14,55.0,2.08
2026-09-05 08:05:00,24.55,1023.35,58.19,5.97
2026-09-05 08:10:00,25.48,1022.94,55.62,2.73
2026-09-05 08:15:00,25.85,1023.03,54.89,7.88
2026-09-05 08:20:00,24.9,1023.13,58.35,1.4
2026-09-05 08:25:00,26.02,1023.21,53.42,2.83
2026-09-05 08:30:00,26.53,1023.1,50.26,3.61
2026-09-05 08:35:00,25.73,1023.02,55.84,4.4
2026-09-05 08:40:00,27.06,1023.29,49.83,6.48
2026-09-05 08:45:00,26.73,1023.29,50.57,2.66
2026-09-05 08:50:00,26.45,1023.06,54.17,5.8
2026-09-05 08:55:00,26.88,1023.41,51.96,6.85
2026-09-05 09:00:00,27.29,1023.4,47.67,3.73
2026-09-05 09:05:00,27.27,1023.26,48.34,8.13
2026-09-05 09:10:00,27.62,1023.27,49.73,5.93
2026-09-05 09:15:00,27.2,1023.36,49.4,4.36
2026-09-05 09:20:00,27.8,1023.16,48.42,5.65
2026-09-05 09:25:00,27.33,1023.31,49.36,5.84
2026-09-05 09:30:00,28.01,1022.99,47.77,2.7
2026-09-05 09:35:00,27.86,1023.46,49.18,4.58
2026-09-05 09:40:00,28.08,1023.1,46.89,4.17
2026-09-05 09:45:00,29.03,1023.57,45.37,4.63
2026-09-05 09:50:00,29.12,1023.31,45.7,7.8
2026-09-05 09:55:00,29.08,1023.33,44.48,5.32
2026-09-05 10:00:00,28.55,1023.28,46.41,11.08
2026-09-05 10:05:00,29.01,1023.33,46.01,3.92
2026-09-05 10:10:00,29.77,1023.59,42.87,4.9
2026-09-05 10:15:00,29.49,1023.01,43.34,8.36
2026-09-05 10:20:00,30.5,1023.57,41.09,6.01
2026-09-05 10:25:00,29.87,1023.43,42.55,6.05
2026-09-05 10:30:00,29.93,1023.19,43.23,1.6
2026-09-05 10:35:00,29.86,1023.21,44.27,4.9
2026-09-05 10:40:00,30.17,1023.61,40.96,3.88
2026-09-05 10:45:00,30.19,1023.21,42.18,4.06
2026-09-05 10:50:00,30.66,1023.17,42.1,4.24
2026-09-05 10:55:00,30.88,1023.5,40.79,10.32
2026-09-05 11:00:00,30.31,1023.36,41.98,7.49
2026-09-05 11:05:00,30.21,1023.15,42.76,4.58
2026-09-05 11:10:00,30.12,1023.31,42.42,6.31
2026-09-05 11:15:00,31.18,1023.1,40.55,9.69
2026-09-05 11:20:00,30.64,1023.39,41.39,10.53
2026-09-05 11:25:00,30.33,1023.36,40.16,3.02
2026-09-05 11:30:00,31.45,1023.25,40.21,4.67
2026-09-05 11:35:00,31.47,1023.19,38.09,4.65
2026-09-05 11:40:00,31.49,1023.36,39.14,1.51
2026-09-05 11:45:00,31.92,1023.06,38.54,7.0
2026-09-05 11:50:00,31.71,1022.85,38.85,10.22
2026-09-05 11:55:00,31.73,1023.05,38.48,5.12
2026-09-05 12:00:00,32.22,1023.25,37.82,8.6
2026-09-05 12:05:00,31.82,1022.74,36.79,7.38
2026-09-05 12:10:00,32.12,1022.78,37.12,5.11
2026-09-05 12:15:00,32.22,1022.85,36.88,2.91
2026-09-05 12:20:00,31.89,1022.72,38.15,8.33
2026-09-05 12:25:00,32.62,1022.52,38.41,10.43
2026-09-05 12:30:00,32.22,1022.78,36.68,8.11
2026-09-05 12:35:00,32.05,1022.9,37.76,1.01
2026-09-05 12:40:00,32.62,1022.51,36.23,3.74
2026-09-05 12:45:00,32.1,1022.28,37.95,2.03
2026-09-05 12:50:00,32.52,1022.12,37.45,6.98
2026-09-05 12:55:00,32.55,1022.31,37.96,9.05
2026-09-05 13:00:00,33.03,1022.37,35.42,2.61
2026-09-05 13:05:00,32.82,1022.2,36.58,10.31
2026-09-05 13:10:00,32.66,1022.05,34.96,11.69
2026-09-05 13:15:00,33.02,1021.88,36.56,13.07
2026-09-05 13:20:00,33.28,1021.72,34.85,14.45
2026-09-05 13:25:00,32.97,1021.92,37.57,2.27
2026-09-05 13:30:00,32.77,1021.85,36.8,11.69
2026-09-05 13:35:00,32.25,1021.39,35.7,2.82
2026-09-05 13:40:00,32.36,1021.77,36.4,5.43
2026-09-05 13:45:00,32.67,1021.53,37.03,10.63
2026-09-05 13:50:00,32.55,1021.56,38.16,11.84
2026-09-05 13:55:00,32.72,1021.05,36.53,6.47
2026-09-05 14:00:00,32.82,1020.95,35.77,7.31
2026-09-05 14:05:00,33.0,1021.03,36.47,8.54
2026-09-05 14:10:00,32.74,1021.03,36.15,10.29
2026-09-05 14:15:00,32.95,1021.13,36.64,2.77
2026-09-05 14:20:00,32.76,1020.86,35.04,9.91
2026-09-05 14:25:00,31.92,1020.62,36.5,6.23
2026-09-05 14:30:00,32.31,1020.4,36.23,5.94
2026-09-05 14:35:00,32.59,1020.63,37.45,5.7
2026-09-05 14:40:00,32.13,1020.2,37.81,6.47
2026-09-05 14:45:00,32.81,1020.48,36.55,13.04
2026-09-05 14:50:00,32.89,1020.09,35.81,6.82
2026-09-05 14:55:00,32.97,1020.26,35.38,13.36
2026-09-05 15:00:00,32.34,1020.02,37.41,3.4
2026-09-05 15:05:00,32.36,1019.79,34.95,8.64
2026-09-05 15:10:00,32.38,1019.63,37.79,9.83
2026-09-05 15:15:00,32.12,1019.54,36.88,8.09
2026-09-05 15:20:00,31.94,1019.55,37.37,7.31
2026-09-05 15:25:00,32.0,1019.39,39.03,6.89
2026-09-05 15:30:00,31.89,1019.19,36.86,10.58
2026-09-05 15:35:00,32.03,1019.15,36.93,9.87
2026-09-05 15:40:00,31.95,1019.08,37.17,2.71
2026-09-05 15:45:00,31.8,1018.64,38.4,10.27
2026-09-05 15:50:00,31.89,1018.92,38.78,5.45
2026-09-05 15:55:00,32.1,1018.61,37.92,4.02
2026-09-05 16:00:00,31.91,1018.48,38.98,10.57
2026-09-05 16:05:00,30.83,1018.3,38.2,5.55
2026-09-05 16:10:00,31.21,1018.18,41.79,9.45
2026-09-05 16:15:00,31.6,1018.15,36.99,4.05
2026-09-05 16:20:00,30.57,1018.14,40.84,0.46
2026-09-05 16:25:00,30.91,1018.45,39.38,6.02
2026-09-05 16:30:00,30.42,1017.98,40.37,2.35
2026-09-05 16:35:00,30.05,1017.99,40.25,8.55
2026-09-05 16:40:00,30.87,1017.93,40.13,4.08
2026-09-05 16:45:00,30.83,1017.8,40.15,5.48
2026-09-05 16:50:00,30.17,1017.68,42.38,2.15
2026-09-05 16:55:00,29.23,1017.42,42.26,4.12
2026-09-05 17:00:00,29.92,1017.74,40.43,8.7
2026-09-05 17:05:00,30.16,1017.71,40.4,2.85
2026-09-05 17:10:00,29.27,1017.1,42.63,7.13
2026-09-05 17:15:00,29.79,1017.12,42.54,10.98
2026-09-05 17:20:00,29.57,1017.15,41.72,7.38
2026-09-05 17:25:00,29.66,1016.97,43.02,8.88
2026-09-05 17:30:00,29.33,1017.12,42.46,2.32
2026-09-05 17:35:00,28.74,1016.86,45.28,3.65
2026-09-05 17:40:00,29.46,1017.23,42.78,10.14
2026-09-05 17:45:00,28.76,1017.01,45.24,7.53
2026-09-05 17:50:00,28.66,1016.8,44.18,6.75
2026-09-05 17:55:00,28.13,1016.86,45.36,6.93
2026-09-05 18:00:00,28.17,1016.81,45.19,4.83
2026-09-05 18:05:00,27.83,1016.5,45.89,1.4
2026-09-05 18:10:00,27.95,1016.4,46.81,8.07
2026-09-05 18:15:00,28.53,1016.48,44.69,6.9
2026-09-05 18:20:00,27.13,1016.55,47.5,5.14
2026-09-05 18:25:00,26.86,1016.39,49.23,9.69
2026-09-05 18:30:00,27.92,1016.08,44.29,4.06
2026-09-05 18:35:00,27.08,1016.15,50.1,3.72
2026-09-05 18:40:00,26.72,1016.22,48.4,8.98
2026-09-05 18:45:00,27.22,1016.17,49.3,7.84
2026-09-05 18:50:00,26.39,1016.44,49.68,5.24
2026-09-05 18:55:00,27.18,1015.9,46.93,2.29
2026-09-05 19:00:00,26.54,1016.14,49.16,2.99
2026-09-05 19:05:00,25.89,1016.26,51.78,6.22
2026-09-05 19:10:00,26.77,1016.34,48.37,4.17
2026-09-05 19:15:00,25.48,1015.91,52.79,7.98
2026-09-05 19:20:00,25.83,1016.01,51.53,10.18
2026-09-05 19:25:00,25.47,1016.0,50.31,7.47
2026-09-05 19:30:00,25.69,1015.91,51.22,3.98
2026-09-05 19:35:00,25.6,1015.85,51.18,7.16
2026-09-05 19:40:00,24.8,1015.9,54.34,3.75
2026-09-05 19:45:00,24.3,1015.9,54.98,2.41
2026-09-05 19:50:00,24.6,1015.9,55.47,1.03
2026-09-05 19:55:00,23.96,1015.79,57.55,3.87
2026-09-05 20:00:00,24.85,1015.72,54.99,8.41
2026-09-05 20:05:00,23.91,1016.05,59.5,2.87
2026-09-05 20:10:00,23.52,1015.62,59.81,2.65
2026-09-05 20:15:00,23.55,1015.65,58.85,10.29
2026-09-05 20:20:00,22.75,1015.6,59.5,0.88
2026-09-05 20:25:00,22.71,1015.55,60.04,6.83
2026-09-05 20:30:00,23.39,1015.58,58.42,3.42
2026-09-05 20:35:00,22.46,1015.63,61.16,1.08
2026-09-05 20:40:00,22.12,1015.77,64.12,8.69
2026-09-05 20:45:00,22.57,1015.66,61.05,2.13
2026-09-05 20:50:00,22.64,1015.42,61.82,4.93
2026-09-05 20:55:00,22.27,1015.52,62.05,3.11
2026-09-05 21:00:00,22.2,1015.5,62.15,1.43
2026-09-05 21:05:00,21.31,1015.57,68.19,1.24
2026-09-05 21:10:00,20.87,1015.63,67.82,1.93
2026-09-05 21:15:00,21.86,1015.62,63.22,1.5
2026-09-05 21:20:00,20.95,1015.28,66.16,6.58
2026-09-05 21:25:00,20.8,1015.69,67.48,4.48
2026-09-05 21:30:00,21.25,1015.55,64.58,3.56
2026-09-05 21:35:00,20.77,1015.71,66.49,4.05
2026-09-05 21:40:00,20.55,1015.55,69.39,8.94
2026-09-05 21:45:00,21.06,1015.64,66.16,8.55
2026-09-05 21:50:00,19.77,1015.52,69.45,6.17
2026-09-05 21:55:00,20.23,1015.64,71.64,8.08
2026-09-05 22:00:00,19.71,1015.49,73.46,3.41
2026-09-05 22:05:00,19.63,1015.38,69.84,3.81
2026-09-05 22:10:00,19.97,1015.72,69.85,5.36
2026-09-05 22:15:00,19.4,1015.49,73.03,5.44
2026-09-05 22:20:00,19.25,1015.41,75.89,4.46
2026-09-05 22:25:00,19.31,1015.11,72.02,3.94
2026-09-05 22:30:00,18.58,1015.08,78.53,5.58
2026-09-05 22:35:00,18.24,1015.29,80.14,7.22
2026-09-05 22:40:00,18.0,1015.24,77.61,4.16
2026-09-05 22:45:00,17.49,1015.09,81.9,6.27
2026-09-05 22:50:00,17.51,1015.17,72.89,3.08
2026-09-05 22:55:00,17.54,1015.35,81.73,1.79
2026-09-05 23:00:00,17.75,1015.18,78.81,3.63
2026-09-05 23:05:00,17.59,1014.86,81.83,3.95
2026-09-05 23:10:00,17.69,1014.98,82.76,0.71
2026-09-05 23:15:00,17.76,1014.83,78.29,7.14
2026-09-05 23:20:00,17.65,1014.84,76.95,3.67
2026-09-05 23:25:00,16.95,1014.79,83.71,5.13
2026-09-05 23:30:00,16.99,1014.73,83.46,1.52
2026-09-05 23:35:00,17.05,1014.56,83.08,2.41
2026-09-05 23:40:00,16.72,1014.67,83.77,8.17
2026-09-05 23:45:00,17.34,1014.55,80.95,5.33
2026-09-05 23:50:00,16.78,1014.69,86.99,9.53
2026-09-05 23:55:00,16.77,1014.82,84.67,14.22
2026-09-06 00:00:00,16.64,1014.61,83.92,3.75
2026-09-06 00:05:00,16.74,1014.33,83.34,3.28
2026-09-06 00:10:00,16.24,1014.32,85.89,7.69
2026-09-06 00:15:00,16.19,1014.07,90.39,14.11
2026-09-06 00:20:00,16.14,1014.42,86.01,5.48
2026-09-06 00:25:00,15.63,1014.38,89.33,6.93
2026-09-06 00:30:00,15.6,1014.04,88.08,6.79
2026-09-06 00:35:00,15.96,1014.09,88.9,3.64
2026-09-06 00:40:00,16.14,1013.88,89.23,5.08
2026-09-06 00:45:00,15.58,1013.57,91.01,7.36
2026-09-06 00:50:00,15.62,1013.62,87.55,5.94
2026-09-06 00:55:00,15.87,1013.61,85.9,0.8
2026-09-06 01:00:00,16.11,1013.44,86.24,3.52
2026-09-06 01:05:00,16.35,1013.38,85.71,2.17
2026-09-06 01:10:00,15.48,1013.3,89.74,2.83
2026-09-06 01:15:00,14.49,1013.21,90.76,8.45
2026-09-06 01:20:00,15.45,1013.13,87.48,1.07
2026-09-06 01:25:00,15.25,1012.86,88.24,2.74
2026-09-06 01:30:00,15.58,1012.81,87.48,3.35
2026-09-06 01:35:00,15.29,1012.63,90.37,5.39
2026-09-06 01:40:00,14.93,1012.86,90.34,4.81
2026-09-06 01:45:00,14.47,1012.77,90.46,2.73
2026-09-06 01:50:00,14.84,1012.67,91.6,2.33
2026-09-06 01:55:00,14.56,1012.6,91.91,2.86
2026-09-06 02:00:00,14.65,1012.24,90.83,4.6
2026-09-06 02:05:00,15.1,1012.12,88.54,3.09
2026-09-06 02:10:00,15.52,1012.01,89.76,9.44
2026-09-06 02:15:00,15.01,1011.94,90.98,4.34
2026-09-06 02:20:00,14.36,1011.68,91.59,1.35
2026-09-06 02:25:00,15.02,1011.64,90.62,6.29
2026-09-06 02:30:00,15.32,1011.84,87.15,3.47
2026-09-06 02:35:00,14.61,1011.59,89.96,5.66
2026-09-06 02:40:00,14.81,1011.24,90.41,3.15
2026-09-06 02:45:00,14.88,1011.02,89.94,5.06
2026-09-06 02:50:00,14.58,1011.09,90.09,6.69
2026-09-06 02:55:00,15.17,1010.99,89.73,8.92
2026-09-06 03:00:00,14.89,1010.98,89.37,3.03
2026-09-06 03:05:00,15.14,1010.71,87.65,3.51
2026-09-06 03:10:00,14.65,1010.75,91.23,4.35
2026-09-06 03:15:00,14.86,1010.85,90.53,8.9
2026-09-06 03:20:00,15.37,1010.57,87.0,8.37
2026-09-06 03:25:00,14.97,1010.32,88.2,1.69
2026-09-06 03:30:00,15.86,1010.19,86.37,2.07
2026-09-06 03:35:00,15.06,1010.05,85.78,4.55
2026-09-06 03:40:00,15.36,1010.16,87.15,1.85
2026-09-06 03:45:00,15.7,1009.78,85.1,3.58
2026-09-06 03:50:00,14.82,1009.77,86.66,2.2
2026-09-06 03:55:00,14.75,1009.66,86.24,5.53
2026-09-06 04:00:00,14.91,1009.47,86.85,9.5
2026-09-06 04:05:00,16.09,1009.23,79.66,13.16
2026-09-06 04:10:00,15.44,1009.38,86.06,3.77
2026-09-06 04:15:00,16.76,1009.22,77.08,5.26
2026-09-06 04:20:00,15.59,1009.2,83.03,7.66
2026-09-06 04:25:00,15.98,1008.94,81.0,1.94
2026-09-06 04:30:00,16.61,1009.1,80.82,5.95
2026-09-06 04:35:00,16.88,1008.69,77.92,3.99
2026-09-06 04:40:00,16.99,1008.98,76.84,2.64
2026-09-06 04:45:00,16.75,1008.36,77.76,3.95
2026-09-06 04:50:00,16.77,1008.6,79.48,1.55
2026-09-06 04:55:00,16.7,1008.51,76.12,6.0
2026-09-06 05:00:00,16.88,1008.23,79.17,2.97
2026-09-06 05:05:00,16.45,1008.33,79.97,3.36
2026-09-06 05:10:00,16.45,1008.37,78.63,1.98
2026-09-06 05:15:00,16.89,1007.77,81.27,7.78
2026-09-06 05:20:00,16.94,1008.09,73.82,4.54
2026-09-06 05:25:00,16.94,1007.57,74.95,5.07
2026-09-06 05:30:00,17.52,1007.72,71.91,5.05
2026-09-06 05:35:00,17.75,1008.03,73.63,4.0
2026-09-06 05:40:00,17.52,1007.63,76.2,2.54
2026-09-06 05:45:00,18.2,1007.47,72.26,6.43
2026-09-06 05:50:00,17.28,1007.55,75.41,2.03
2026-09-06 05:55:00,17.79,1007.83,71.24,1.82
2026-09-06 06:00:00,17.71,1007.18,70.62,6.12
2026-09-06 06:05:00,17.39,1007.24,70.39,2.66
2026-09-06 06:10:00,18.24,1007.57,72.76,3.33
2026-09-06 06:15:00,18.36,1007.57,69.92,4.42
2026-09-06 06:20:00,19.15,1007.22,65.0,4.25
2026-09-06 06:25:00,18.94,1007.0,67.16,6.11
2026-09-06 06:30:00,18.42,1007.45,66.91,5.44
2026-09-06 06:35:00,19.71,1007.33,62.92,5.59
2026-09-06 06:40:00,19.6,1007.15,63.76,6.15
2026-09-06 06:45:00,19.49,1006.89,64.28,3.24
2026-09-06 06:50:00,19.32,1006.97,63.79,3.43
2026-09-06 06:55:00,19.17,1006.91,63.12,4.18
2026-09-06 07:00:00,19.56,1006.95,63.12,3.33
2026-09-06 07:05:00,20.29,1007.09,62.48,11.27
2026-09-06 07:10:00,20.76,1006.97,58.29,7.13
2026-09-06 07:15:00,20.78,1006.65,58.79,2.33
2026-09-06 07:20:00,20.12,1007.0,58.65,0.41
2026-09-06 07:25:00,20.02,1006.81,61.25,1.15
2026-09-06 07:30:00,20.68,1006.85,57.81,2.91
2026-09-06 07:35:00,20.07,1006.94,61.21,1.92
2026-09-06 07:40:00,21.06,1006.54,57.98,4.8
2026-09-06 07:45:00,21.03,1006.68,58.54,7.68
2026-09-06 07:50:00,21.05,1006.6,58.5,6.35
2026-09-06 07:55:00,20.76,1006.43,59.77,2.71
2026-09-06 08:00:00,21.76,1006.7,55.41,3.93
2026-09-06 08:05:00,21.5,1007.02,54.13,4.67
2026-09-06 08:10:00,21.4,1006.35,55.4,7.21
2026-09-06 08:15:00,20.87,1006.62,57.52,7.63
2026-09-06 08:20:00,22.17,1006.71,53.12,8.83
2026-09-06 08:25:00,23.04,1006.63,50.21,4.84
2026-09-06 08:30:00,23.15,1006.59,48.74,6.3
2026-09-06 08:35:00,22.46,1006.4,50.56,2.01
2026-09-06 08:40:00,22.55,1006.63,50.85,5.37
2026-09-06 08:45:00,23.14,1006.48,50.22,3.17
2026-09-06 08:50:00,22.7,1006.26,50.76,4.49
2026-09-06 08:55:00,23.37,1006.76,48.99,6.04
2026-09-06 09:00:00,23.71,1006.73,49.35,3.31
2026-09-06 09:05:00,24.04,1006.59,47.74,1.42
2026-09-06 09:10:00,23.66,1006.61,50.47,0.62
2026-09-06 09:15:00,23.77,1006.74,48.54,0.93
2026-09-06 09:20:00,23.64,1006.61,49.44,0.57
2026-09-06 09:25:00,23.81,1006.71,46.94,2.15
2026-09-06 09:30:00,24.19,1006.53,46.41,3.32
2026-09-06 09:35:00,24.57,1006.76,46.16,3.19
2026-09-06 09:40:00,24.93,1006.61,45.91,3.55
2026-09-06 09:45:00,24.39,1006.59,47.22,3.91
2026-09-06 09:50:00,25.44,1006.37,42.4,2.41
2026-09-06 09:55:00,24.87,1006.59,44.26,5.82
2026-09-06 10:00:00,25.11,1006.42,43.32,9.22
2026-09-06 10:05:00,24.95,1006.44,44.88,7.07
2026-09-06 10:10:00,24.41,1006.41,47.17,3.96
2026-09-06 10:15:00,25.86,1006.36,38.91,6.1
2026-09-06 10:20:00,25.93,1006.83,41.94,7.57
2026-09-06 10:25:00,25.64,1006.7,42.27,7.76
2026-09-06 10:30:00,25.91,1006.77,42.88,7.17
2026-09-06 10:35:00,26.21,1006.29,41.12,9.84
2026-09-06 10:40:00,25.49,1006.47,42.98,9.88
2026-09-06 10:45:00,26.02,1006.24,42.38,6.46
2026-09-06 10:50:00,26.66,1006.32,39.33,5.24
2026-09-06 10:55:00,25.95,1006.26,42.88,7.11
2026-09-06 11:00:00,26.68,1006.56,40.03,9.21
2026-09-06 11:05:00,26.12,1006.29,41.36,0.53
2026-09-06 11:10:00,26.95,1006.49,38.06,1.87
2026-09-06 11:15:00,26.85,1006.39,39.01,3.22
2026-09-06 11:20:00,26.32,1006.62,43.03,5.73
2026-09-06 11:25:00,27.52,1006.02,38.58,10.35
2026-09-06 11:30:00,26.85,1006.39,40.73,3.66
2026-09-06 11:35:00,26.91,1006.34,41.17,5.85
2026-09-06 11:40:00,27.4,1005.99,38.39,2.75
2026-09-06 11:45:00,27.86,1006.25,37.64,5.2
2026-09-06 11:50:00,27.07,1006.1,39.28,3.25
2026-09-06 11:55:00,27.58,1005.98,35.69,4.96
2026-09-06 12:00:00,27.8,1005.84,37.87,5.06
2026-09-06 12:05:00,27.97,1005.81,37.24,4.25
2026-09-06 12:10:00,27.83,1006.18,38.65,3.43
2026-09-06 12:15:00,27.68,1005.82,37.45,2.61
2026-09-06 12:20:00,27.55,1005.88,37.27,8.53
2026-09-06 12:25:00,27.97,1005.59,35.67,1.73
2026-09-06 12:30:00,27.56,1005.53,38.06,1.32
2026-09-06 12:35:00,26.87,1005.75,39.08,2.52
2026-09-06 12:40:00,28.26,1005.33,36.76,13.88
2026-09-06 12:45:00,28.49,1005.4,36.03,12.75
2026-09-06 12:50:00,27.22,1005.41,38.87,3.53
2026-09-06 12:55:00,27.79,1005.35,38.27,3.2
2026-09-06 13:00:00,28.48,1005.24,35.99,4.0
2026-09-06 13:05:00,29.08,1005.26,34.84,6.5
2026-09-06 13:10:00,28.29,1005.23,35.04,7.02
2026-09-06 13:15:00,28.01,1005.16,38.78,3.83
2026-09-06 13:20:00,28.24,1004.83,36.23,9.11
2026-09-06 13:25:00,28.88,1004.86,34.98,4.67
2026-09-06 13:30:00,28.08,1005.0,36.98,12.27
2026-09-06 13:35:00,28.02,1004.88,37.46,7.95
2026-09-06 13:40:00,28.15,1004.46,38.38,5.82
2026-09-06 13:45:00,27.96,1004.63,36.79,9.61
2026-09-06 13:50:00,28.38,1004.2,36.69,10.05
2026-09-06 13:55:00,28.97,1004.42,35.17,4.51
2026-09-06 14:00:00,28.44,1004.61,37.62,4.96
2026-09-06 14:05:00,28.19,1004.1,35.36,12.76
2026-09-06 14:10:00,28.15,1004.03,35.29,3.27
2026-09-06 14:15:00,28.11,1004.19,38.73,1.6
2026-09-06 14:20:00,28.07,1003.75,37.31,5.98
2026-09-06 14:25:00,28.02,1003.8,35.79,9.77
2026-09-06 14:30:00,27.98,1003.9,36.38,9.33
2026-09-06 14:35:00,27.94,1003.62,35.87,12.18
2026-09-06 14:40:00,27.89,1003.59,38.48,6.69
2026-09-06 14:45:00,,1003.65,39.03,2.49
2026-09-06 14:50:00,,1003.51,37.2,7.21
2026-09-06 14:55:00,,1003.4,36.43,9.37
2026-09-06 15:00:00,,1003.22,37.56,2.39
2026-09-06 15:05:00,,1003.24,40.07,3.31
2026-09-06 15:10:00,,1003.08,37.01,0.84
2026-09-06 15:15:00,,1003.08,37.24,7.2
2026-09-06 15:20:00,27.54,1002.85,37.7,11.17
2026-09-06 15:25:00,27.5,1002.81,37.49,7.96
2026-09-06 15:30:00,27.45,1002.6,39.91,15.1
2026-09-06 15:35:00,27.41,1002.66,37.03,1.92
2026-09-06 15:40:00,27.36,1002.46,39.06,11.45
2026-09-06 15:45:00,27.32,1002.33,36.23,9.69
2026-09-06 15:50:00,27.28,1002.46,38.96,4.58
2026-09-06 15:55:00,27.25,1002.37,39.2,14.16
2026-09-06 16:00:00,27.22,1002.38,40.76,4.32
2026-09-06 16:05:00,27.2,1002.12,38.06,10.95
2026-09-06 16:10:00,26.55,1002.17,41.61,10.73
2026-09-06 16:15:00,26.41,1002.11,42.88,8.73
2026-09-06 16:20:00,26.08,1002.02,41.44,6.65
2026-09-06 16:25:00,26.51,1001.76,42.87,2.6
2026-09-06 16:30:00,27.05,1001.84,41.83,6.31
2026-09-06 16:35:00,25.68,1001.81,43.8,4.79
2026-09-06 16:40:00,25.99,1001.69,42.07,9.01
2026-09-06 16:45:00,26.42,1001.64,43.97,8.52
2026-09-06 16:50:00,25.69,1001.59,42.64,11.07
2026-09-06 16:55:00,25.77,1001.49,43.1,0.87
2026-09-06 17:00:00,25.03,1001.39,46.29,9.08
2026-09-06 17:05:00,25.49,1001.29,45.3,11.72
2026-09-06 17:10:00,25.11,1001.4,45.89,8.72
2026-09-06 17:15:00,25.43,1001.34,44.72,2.6
2026-09-06 17:20:00,25.37,1001.43,44.33,2.01
2026-09-06 17:25:00,25.1,1001.01,42.6,1.0
2026-09-06 17:30:00,24.83,1001.27,45.5,6.81
2026-09-06 17:35:00,24.57,1001.21,47.41,6.78
2026-09-06 17:40:00,24.37,1001.06,47.49,14.08
2026-09-06 17:45:00,23.99,1001.1,46.73,4.79
2026-09-06 17:50:00,24.11,1001.17,49.28,4.24
2026-09-06 17:55:00,23.7,1001.12,49.68,6.57
2026-09-06 18:00:00,23.72,1000.79,48.04,8.72
2026-09-06 18:05:00,24.02,1001.06,48.51,10.9
2026-09-06 18:10:00,22.92,1000.91,53.07,8.31
2026-09-06 18:15:00,23.61,1000.91,48.41,4.83
2026-09-06 18:20:00,23.52,1000.9,50.44,6.45
2026-09-06 18:25:00,22.77,1000.85,51.34,8.89
2026-09-06 18:30:00,21.8,1001.04,52.99,5.21
2026-09-06 18:35:00,22.23,1000.84,54.64,3.11
2026-09-06 18:40:00,22.82,1000.68,52.34,2.7
2026-09-06 18:45:00,22.12,1000.78,54.61,0.08
2026-09-06 18:50:00,21.55,1000.87,57.8,6.93
2026-09-06 18:55:00,21.57,1001.03,58.28,2.1
2026-09-06 19:00:00,21.93,1000.94,55.69,3.21
2026-09-06 19:05:00,21.63,1000.73,57.51,3.58
2026-09-06 19:10:00,21.14,1001.24,58.91,5.42
2026-09-06 19:15:00,20.9,1000.91,58.59,4.22
2026-09-06 19:20:00,20.71,1001.08,60.2,6.23
2026-09-06 19:25:00,20.32,1000.88,60.48,1.4
2026-09-06 19:30:00,21.15,1001.0,60.45,2.11
2026-09-06 19:35:00,20.19,1001.06,63.28,4.77
2026-09-06 19:40:00,20.62,1001.14,61.21,3.65
2026-09-06 19:45:00,20.56,1001.14,63.25,3.34
2026-09-06 19:50:00,20.17,1001.14,62.69,1.47
2026-09-06 19:55:00,19.41,1000.98,64.19,8.34
2026-09-06 20:00:00,19.56,1000.97,67.1,5.97
2026-09-06 20:05:00,19.21,1001.14,67.97,1.98
2026-09-06 20:10:00,18.67,1001.26,71.05,1.43
2026-09-06 20:15:00,18.98,1001.12,68.04,10.56
2026-09-06 20:20:00,18.2,1001.34,72.47,5.88
2026-09-06 20:25:00,18.96,1001.44,68.4,4.04
2026-09-06 20:30:00,18.12,1001.12,73.43,6.05
2026-09-06 20:35:00,18.2,1001.16,68.79,6.54
2026-09-06 20:40:00,18.05,1001.31,73.78,6.77
2026-09-06 20:45:00,17.66,1001.41,77.82,4.43
2026-09-06 20:50:00,17.82,1001.32,73.34,4.12
2026-09-06 20:55:00,17.21,1001.64,76.73,0.58
2026-09-06 21:00:00,17.58,1001.54,75.38,8.89
2026-09-06 21:05:00,17.25,1001.53,79.09,5.29
2026-09-06 21:10:00,16.93,1001.34,75.4,2.62
2026-09-06 21:15:00,16.53,1001.4,76.41,8.73
2026-09-06 21:20:00,16.13,1001.68,83.81,8.63
2026-09-06 21:25:00,16.09,1001.36,83.24,11.7
2026-09-06 21:30:00,16.39,1001.87,82.7,7.92
2026-09-06 21:35:00,16.09,1001.74,84.15,13.6
2026-09-06 21:40:00,15.99,1002.29,86.64,2.91
2026-09-06 21:45:00,15.89,1002.19,85.66,7.47
2026-09-06 21:50:00,15.78,1001.85,85.02,7.24
2026-09-06 21:55:00,15.81,1001.9,85.61,2.82
2026-09-06 22:00:00,15.37,1002.1,89.91,1.77
2026-09-06 22:05:00,14.95,1002.24,90.38,10.84
2026-09-06 22:10:00,15.16,1001.78,88.86,3.26
2026-09-06 22:15:00,15.5,1001.79,88.35,7.87
2026-09-06 22:20:00,14.54,1002.0,90.23,0.35
2026-09-06 22:25:00,14.05,1002.21,91.84,0.8
2026-09-06 22:30:00,14.74,1002.23,90.02,4.36
2026-09-06 22:35:00,14.11,1002.35,90.03,2.87
2026-09-06 22:40:00,14.16,1002.03,91.27,5.95
2026-09-06 22:45:00,14.21,1001.89,91.04,5.02
2026-09-06 22:50:00,13.53,1002.4,90.13,1.56
2026-09-06 22:55:00,13.57,1002.17,90.95,2.32
2026-09-06 23:00:00,13.61,1002.01,91.38,3.85
2026-09-06 23:05:00,13.43,1002.36,90.62,2.49
2026-09-06 23:10:00,13.51,1002.47,91.94,6.89
2026-09-06 23:15:00,12.93,1002.35,89.74,4.03
2026-09-06 23:20:00,13.19,1002.32,90.96,1.72
2026-09-06 23:25:00,12.76,1002.38,91.17,4.48
2026-09-06 23:30:00,13.05,1002.36,91.05,1.7
2026-09-06 23:35:00,12.89,1002.22,90.49,2.04
2026-09-06 23:40:00,12.17,1002.33,90.4,2.88
2026-09-06 23:45:00,12.87,1002.52,90.82,7.71
2026-09-06 23:50:00,12.12,1002.49,90.95,8.84
2026-09-06 23:55:00,12.56,1002.47,90.87,7.28
2026-09-07 00:00:00,12.29,1002.3,91.07,3.51
2026-09-07 00:05:00,12.79,1002.42,90.08,3.1
2026-09-07 00:10:00,11.88,1002.12,90.41,4.91
2026-09-07 00:15:00,11.75,1002.47,90.05,6.22
2026-09-07 00:20:00,11.8,1002.65,90.33,12.32
2026-09-07 00:25:00,11.61,1002.2,91.01,2.07
2026-09-07 00:30:00,11.98,1002.33,90.59,1.24
2026-09-07 00:35:00,10.95,1002.45,90.58,5.99
2026-09-07 00:40:00,11.11,1002.58,90.57,7.35
2026-09-07 00:45:00,11.04,1002.31,90.5,7.53
2026-09-07 00:50:00,11.79,1002.25,90.57,5.86
2026-09-07 00:55:00,12.04,1002.04,90.22,9.65
2026-09-07 01:00:00,11.26,1002.33,90.45,4.65
2026-09-07 01:05:00,11.19,1002.6,91.04,8.61
2026-09-07 01:10:00,11.25,1002.31,90.54,10.2
2026-09-07 01:15:00,11.64,1002.24,90.11,7.54
2026-09-07 01:20:00,10.77,1002.26,89.98,3.35
2026-09-07 01:25:00,11.21,1002.18,90.25,2.57
2026-09-07 01:30:00,11.48,1002.03,90.53,4.9
2026-09-07 01:35:00,11.26,1002.25,91.08,4.27
2026-09-07 01:40:00,11.12,1002.13,89.8,7.97
2026-09-07 01:45:00,11.43,1002.06,90.33,1.79
2026-09-07 01:50:00,11.36,1001.88,90.46,3.0
2026-09-07 01:55:00,11.28,1002.18,89.57,6.49
2026-09-07 02:00:00,10.75,1002.05,90.03,1.74
2026-09-07 02:05:00,10.28,1001.83,90.07,3.42
2026-09-07 02:10:00,11.22,1002.03,90.08,3.85
2026-09-07 02:15:00,11.57,1001.76,90.6,5.43
2026-09-07 02:20:00,10.98,1001.68,90.38,2.28
2026-09-07 02:25:00,11.43,1001.65,90.22,7.72
2026-09-07 02:30:00,11.72,1001.46,90.73,4.24
2026-09-07 02:35:00,11.62,1001.75,91.37,8.68
2026-09-07 02:40:00,11.78,1001.37,91.34,4.37
2026-09-07 02:45:00,11.45,1001.42,89.53,3.12
2026-09-07 02:50:00,11.22,1001.25,90.77,2.15
2026-09-07 02:55:00,10.59,1001.51,90.34,0.34
2026-09-07 03:00:00,11.17,1001.46,90.55,4.79
2026-09-07 03:05:00,10.98,1001.39,90.26,1.85
2026-09-07 03:10:00,12.24,1001.25,90.61,3.88
2026-09-07 03:15:00,11.35,1001.19,90.56,5.19
2026-09-07 03:20:00,11.53,1001.4,90.21,3.12
2026-09-07 03:25:00,11.77,1001.21,90.07,2.41
2026-09-07 03:30:00,11.63,1001.3,90.28,6.71
2026-09-07 03:35:00,12.36,1001.08,90.68,9.42
2026-09-07 03:40:00,11.5,1001.21,90.8,1.79
2026-09-07 03:45:00,11.91,1001.35,90.95,2.26
2026-09-07 03:50:00,11.61,1001.26,90.26,9.87
2026-09-07 03:55:00,11.47,1001.18,90.64,1.08
2026-09-07 04:00:00,11.84,1001.1,91.0,10.72
2026-09-07 04:05:00,12.16,1001.0,91.13,0.38
2026-09-07 04:10:00,12.09,1001.01,90.51,7.91
2026-09-07 04:15:00,12.08,1000.93,90.43,3.33
2026-09-07 04:20:00,11.9,1000.93,90.62,9.19
2026-09-07 04:25:00,12.53,1000.97,90.0,3.4
2026-09-07 04:30:00,12.07,1000.77,90.44,5.67
2026-09-07 04:35:00,13.09,1000.75,90.98,1.59
2026-09-07 04:40:00,12.93,1000.68,90.92,2.9
2026-09-07 04:45:00,12.43,1000.63,90.43,6.7
2026-09-07 04:50:00,13.01,1000.68,90.71,4.77
2026-09-07 04:55:00,12.95,1000.88,90.19,8.92
2026-09-07 05:00:00,13.5,1000.71,90.99,4.12
2026-09-07 05:05:00,14.04,1000.92,90.64,7.85
2026-09-07 05:10:00,12.88,1000.85,90.46,4.25
2026-09-07 05:15:00,13.81,1000.55,90.48,10.83
2026-09-07 05:20:00,13.84,1000.94,90.63,9.86
2026-09-07 05:25:00,14.31,1000.97,90.47,3.47
2026-09-07 05:30:00,14.27,1000.71,91.02,8.1
2026-09-07 05:35:00,14.02,1000.93,90.48,7.54
2026-09-07 05:40:00,14.34,1000.76,91.49,2.68
2026-09-07 05:45:00,14.3,1000.91,90.9,5.44
2026-09-07 05:50:00,15.2,1000.73,90.31,1.51
2026-09-07 05:55:00,14.93,1000.67,90.77,7.4
2026-09-07 06:00:00,15.84,1000.91,90.47,2.41
2026-09-07 06:05:00,15.21,1000.97,90.59,1.49
2026-09-07 06:10:00,15.11,1000.96,90.59,3.93
2026-09-07 06:15:00,14.94,1000.87,90.58,5.1
2026-09-07 06:20:00,14.99,1001.02,90.92,7.64
2026-09-07 06:25:00,15.24,1001.16,91.03,10.52
2026-09-07 06:30:00,16.15,1001.15,90.32,4.18
2026-09-07 06:35:00,16.41,1001.23,90.41,1.37
2026-09-07 06:40:00,15.74,1001.15,90.19,6.47
2026-09-07 06:45:00,16.9,1001.47,89.17,5.02
2026-09-07 06:50:00,16.52,1001.17,89.42,4.24
2026-09-07 06:55:00,16.95,1001.47,88.2,3.35
2026-09-07 07:00:00,17.71,1001.63,89.63,4.59
2026-09-07 07:05:00,17.6,1001.58,87.23,3.54
2026-09-07 07:10:00,17.31,1001.53,90.19,6.54
2026-09-07 07:15:00,17.23,1001.54,88.24,4.87
2026-09-07 07:20:00,16.91,1001.84,90.38,7.96
2026-09-07 07:25:00,17.66,1001.54,86.56,4.87
2026-09-07 07:30:00,18.04,1001.67,86.83,2.87
2026-09-07 07:35:00,17.91,1001.83,86.4,7.59
2026-09-07 07:40:00,18.43,1002.14,84.45,4.96
2026-09-07 07:45:00,18.69,1002.09,81.54,2.65
2026-09-07 07:50:00,18.76,1001.96,81.07,5.44
2026-09-07 07:55:00,18.77,1002.13,80.62,3.66
2026-09-07 08:00:00,19.27,1002.17,78.03,7.5
2026-09-07 08:05:00,19.57,1002.23,77.34,4.31
2026-09-07 08:10:00,19.13,1002.56,81.71,6.37
2026-09-07 08:15:00,20.32,1002.29,74.02,1.79
2026-09-07 08:20:00,19.89,1002.82,78.71,4.04
2026-09-07 08:25:00,20.12,1002.79,78.08,11.61
2026-09-07 08:30:00,20.58,1002.91,73.27,7.44
2026-09-07 08:35:00,20.57,1002.77,71.81,2.44
2026-09-07 08:40:00,21.04,1002.9,70.62,3.36
2026-09-07 08:45:00,20.95,1002.79,71.54,3.75
2026-09-07 08:50:00,20.77,1003.02,73.07,6.13
2026-09-07 08:55:00,21.34,1003.26,69.9,7.16
2026-09-07 09:00:00,20.91,1003.47,71.95,7.14
2026-09-07 09:05:00,21.59,1003.2,69.58,5.16
2026-09-07 09:10:00,21.71,1003.4,69.13,7.95
2026-09-07 09:15:00,21.81,1003.52,68.43,4.71
2026-09-07 09:20:00,22.02,1003.42,68.92,2.27
2026-09-07 09:25:00,21.49,1003.81,69.08,5.74
2026-09-07 09:30:00,22.19,1003.7,69.25,11.06
2026-09-07 09:35:00,22.62,1003.87,65.1,8.01
2026-09-07 09:40:00,22.81,1003.92,62.47,5.98
2026-09-07 09:45:00,22.5,1003.95,66.29,6.6
2026-09-07 09:50:00,23.58,1004.16,60.2,10.64
2026-09-07 09:55:00,22.89,1004.21,64.93,4.9
2026-09-07 10:00:00,23.79,1004.27,59.3,4.19
2026-09-07 10:05:00,23.73,1004.31,63.25,12.92
2026-09-07 10:10:00,23.46,1004.55,62.83,9.43
2026-09-07 10:15:00,24.59,1004.83,56.7,4.2
2026-09-07 10:20:00,23.55,1004.68,59.89,5.34
2026-09-07 10:25:00,24.55,1004.89,60.12,4.98
2026-09-07 10:30:00,24.73,1004.61,57.53,2.75
2026-09-07 10:35:00,24.21,1004.92,58.47,12.24
2026-09-07 10:40:00,25.18,1004.81,54.78,4.98
2026-09-07 10:45:00,24.66,1004.83,58.0,10.03
2026-09-07 10:50:00,25.02,1005.01,57.0,3.2
2026-09-07 10:55:00,25.15,1005.38,57.43,6.26
2026-09-07 11:00:00,25.12,1005.41,55.76,1.1
2026-09-07 11:05:00,25.64,1005.37,53.99,8.52
2026-09-07 11:10:00,25.76,1005.17,55.43,6.64
2026-09-07 11:15:00,24.87,1005.44,59.19,7.09
2026-09-07 11:20:00,26.21,1005.58,51.65,1.66
2026-09-07 11:25:00,25.15,1005.62,58.29,3.51
2026-09-07 11:30:00,26.35,1005.37,52.81,2.01
2026-09-07 11:35:00,26.5,1005.57,53.58,4.25
2026-09-07 11:40:00,25.73,1005.75,54.72,7.26
2026-09-07 11:45:00,26.11,1005.9,50.93,6.7
2026-09-07 11:50:00,25.94,1005.54,53.75,7.16
2026-09-07 11:55:00,26.4,1005.89,54.12,6.59
2026-09-07 12:00:00,26.46,1005.99,52.36,4.18
2026-09-07 12:05:00,26.99,1006.14,51.19,3.93
2026-09-07 12:10:00,27.3,1006.16,49.27,2.86
2026-09-07 12:15:00,27.42,1006.18,47.65,10.28
2026-09-07 12:20:00,26.73,1006.01,53.29,7.34
2026-09-07 12:25:00,26.95,1005.88,50.51,3.41
2026-09-07 12:30:00,26.44,1006.15,52.7,3.33
2026-09-07 12:35:00,26.87,1006.39,51.31,10.85
2026-09-07 12:40:00,27.65,1006.48,50.36,8.82
2026-09-07 12:45:00,27.98,1006.41,47.7,7.87
2026-09-07 12:50:00,26.91,1006.39,51.25,5.49
2026-09-07 12:55:00,27.23,1006.41,50.04,4.2
2026-09-07 13:00:00,27.52,1006.29,50.05,15.03
2026-09-07 13:05:00,27.7,1006.38,47.8,9.65
2026-09-07 13:10:00,27.31,1006.67,50.48,4.58
2026-09-07 13:15:00,27.86,1006.3,47.79,10.5
2026-09-07 13:20:00,27.54,1006.7,49.35,9.14
2026-09-07 13:25:00,27.77,1006.42,49.97,4.56
2026-09-07 13:30:00,28.03,1006.68,49.2,5.73
2026-09-07 13:35:00,27.85,1006.29,48.29,3.49
2026-09-07 13:40:00,27.7,1006.6,46.15,2.64
2026-09-07 13:45:00,27.86,1006.41,47.65,8.72
2026-09-07 13:50:00,27.89,1006.32,48.09,4.3
2026-09-07 13:55:00,27.8,1006.57,48.81,10.08
2026-09-07 14:00:00,27.86,1006.7,49.56,6.13
2026-09-07 14:05:00,28.61,1006.42,46.04,2.17
2026-09-07 14:10:00,28.2,1006.33,46.94,6.16
2026-09-07 14:15:00,27.87,1006.55,47.84,9.79
2026-09-07 14:20:00,28.26,1006.55,47.62,9.59
2026-09-07 14:25:00,27.85,1006.65,46.08,9.18
2026-09-07 14:30:00,28.44,1006.71,47.32,5.03
2026-09-07 14:35:00,28.11,1006.56,48.29,5.97
2026-09-07 14:40:00,27.91,1006.85,48.95,7.29
2026-09-07 14:45:00,28.11,1006.61,45.24,14.62
2026-09-07 14:50:00,27.28,1006.53,51.56,4.82
2026-09-07 14:55:00,27.43,1006.34,52.41,12.23
2026-09-07 15:00:00,27.38,1006.54,48.09,4.27
2026-09-07 15:05:00,27.88,1006.53,49.69,6.14
2026-09-07 15:10:00,28.48,1006.73,46.27,8.0
2026-09-07 15:15:00,28.64,1006.66,44.24,5.98
2026-09-07 15:20:00,27.96,1006.42,47.73,7.38
2026-09-07 15:25:00,27.86,1006.62,49.43,4.26
2026-09-07 15:30:00,26.89,1006.7,49.64,4.26
2026-09-07 15:35:00,27.34,1006.84,50.75,2.61
2026-09-07 15:40:00,27.18,1006.75,47.83,2.61
2026-09-07 15:45:00,27.19,1006.74,47.99,4.88
2026-09-07 15:50:00,27.31,1006.64,49.9,8.94
2026-09-07 15:55:00,27.12,1006.7,49.61,7.19
2026-09-07 16:00:00,26.45,1006.84,50.84,2.44
2026-09-07 16:05:00,27.46,1006.46,50.04,10.21
2026-09-07 16:10:00,26.66,1006.62,52.35,7.05
2026-09-07 16:15:00,27.1,1006.57,50.82,13.19
2026-09-07 16:20:00,27.76,1006.76,47.34,7.69
2026-09-07 16:25:00,26.47,1006.91,51.83,3.19
2026-09-07 16:30:00,25.74,1006.66,53.31,5.81
2026-09-07 16:35:00,26.54,1006.41,53.4,7.38
2026-09-07 16:40:00,27.0,1006.73,48.51,1.22
2026-09-07 16:45:00,27.25,1006.95,51.4,0.88
2026-09-07 16:50:00,25.87,1006.92,53.2,2.65
2026-09-07 16:55:00,26.46,1006.94,49.07,3.82
2026-09-07 17:00:00,25.97,1006.86,53.67,5.29
2026-09-07 17:05:00,26.01,1006.75,52.45,5.74
2026-09-07 17:10:00,26.99,1007.05,50.33,2.69
2026-09-07 17:15:00,25.22,1006.89,57.24,7.35
2026-09-07 17:20:00,25.81,1007.38,53.52,6.58
2026-09-07 17:25:00,25.78,1007.18,52.09,4.06
2026-09-07 17:30:00,25.9,1007.05,53.77,0.8
2026-09-07 17:35:00,25.38,1007.09,54.08,1.93
2026-09-07 17:40:00,25.34,1007.22,55.23,4.77
2026-09-07 17:45:00,24.94,1007.25,53.65,2.75
2026-09-07 17:50:00,25.07,1007.51,56.21,4.6
2026-09-07 17:55:00,24.69,1007.43,55.62,6.61
2026-09-07 18:00:00,24.95,1007.35,58.03,5.88
2026-09-07 18:05:00,24.42,1007.8,58.3,3.36
2026-09-07 18:10:00,24.58,1007.59,56.46,4.23
2026-09-07 18:15:00,24.28,1007.77,59.17,6.32
2026-09-07 18:20:00,24.6,1007.63,55.46,9.03
2026-09-07 18:25:00,23.98,1007.84,59.85,7.55
2026-09-07 18:30:00,23.15,1007.91,64.58,5.69
2026-09-07 18:35:00,24.22,1007.66,58.95,4.22
2026-09-07 18:40:00,23.21,1008.32,62.9,4.21
2026-09-07 18:45:00,23.16,1008.29,60.21,9.03
2026-09-07 18:50:00,23.04,1008.12,60.5,1.23
2026-09-07 18:55:00,23.67,1008.1,59.54,3.79
2026-09-07 19:00:00,23.88,1008.41,66.09,6.34
2026-09-07 19:05:00,24.08,1008.46,57.44,6.44
2026-09-07 19:10:00,23.09,1008.59,61.73,1.18
2026-09-07 19:15:00,22.61,1008.66,63.92,5.72
2026-09-07 19:20:00,22.34,1008.8,62.38,4.79
2026-09-07 19:25:00,22.32,1009.04,64.91,1.95
2026-09-07 19:30:00,22.26,1009.0,64.84,3.3
2026-09-07 19:35:00,22.16,1008.86,64.68,8.53
2026-09-07 19:40:00,21.96,1009.33,66.33,5.09
2026-09-07 19:45:00,21.62,1009.47,64.66,4.12
2026-09-07 19:50:00,21.35,1009.8,67.68,1.54
2026-09-07 19:55:00,21.21,1009.27,66.9,6.21
2026-09-07 20:00:00,21.04,1009.58,66.57,6.06
2026-09-07 20:05:00,21.41,1009.34,65.58,5.37
2026-09-07 20:10:00,21.04,1009.85,68.05,4.65
2026-09-07 20:15:00,20.9,1009.79,67.91,4.15
2026-09-07 20:20:00,20.75,1010.28,67.78,5.22
2026-09-07 20:25:00,20.41,1009.98,71.51,2.84
2026-09-07 20:30:00,20.17,1009.96,70.26,9.26
2026-09-07 20:35:00,19.87,1010.26,70.19,5.18
2026-09-07 20:40:00,20.32,1010.15,70.78,3.36
2026-09-07 20:45:00,20.1,1010.67,70.45,4.25
2026-09-07 20:50:00,19.26,1010.37,74.76,7.04
2026-09-07 20:55:00,19.58,1010.8,74.51,2.31
2026-09-07 21:00:00,18.87,1010.6,76.53,3.24
2026-09-07 21:05:00,18.56,1010.98,80.18,5.87
2026-09-07 21:10:00,18.71,1011.39,78.13,3.39
2026-09-07 21:15:00,19.16,1011.31,74.88,6.9
2026-09-07 21:20:00,19.05,1011.25,79.76,2.06
2026-09-07 21:25:00,18.73,1011.49,77.91,6.6
2026-09-07 21:30:00,18.67,1011.61,77.02,1.46
2026-09-07 21:35:00,18.45,1011.79,80.87,0.62
2026-09-07 21:40:00,17.84,1011.63,80.95,8.31
2026-09-07 21:45:00,18.13,1012.04,79.67,5.13
2026-09-07 21:50:00,18.14,1011.66,83.47,3.62
2026-09-07 21:55:00,17.99,1012.08,80.95,2.83
2026-09-07 22:00:00,18.03,1012.21,79.35,5.39
2026-09-07 22:05:00,17.7,1012.49,81.57,4.64
2026-09-07 22:10:00,17.43,1012.51,83.79,12.02
2026-09-07 22:15:00,17.59,1012.4,79.95,11.12
2026-09-07 22:20:00,17.03,1012.57,81.99,5.52
2026-09-07 22:25:00,16.56,1012.85,86.52,4.21
2026-09-07 22:30:00,16.73,1012.91,83.07,4.52
2026-09-07 22:35:00,16.38,1012.94,86.83,5.89
2026-09-07 22:40:00,16.29,1013.05,88.49,1.8
2026-09-07 22:45:00,16.39,1013.33,86.14,3.47
2026-09-07 22:50:00,16.02,1013.24,86.58,1.54
2026-09-07 22:55:00,16.1,1013.4,88.49,1.52
2026-09-07 23:00:00,16.1,1013.83,90.56,2.57
2026-09-07 23:05:00,16.1,1013.38,85.59,4.48
2026-09-07 23:10:00,15.92,1013.41,90.54,6.82
2026-09-07 23:15:00,15.95,1013.89,91.01,4.48
2026-09-07 23:20:00,15.99,1013.75,90.7,3.52
2026-09-07 23:25:00,16.01,1013.89,90.67,1.61
2026-09-07 23:30:00,15.69,1013.9,90.83,4.92
2026-09-07 23:35:00,15.38,1014.06,90.26,3.09
2026-09-07 23:40:00,15.06,1014.41,90.8,5.37
2026-09-07 23:45:00,14.92,1014.36,90.81,10.69
2026-09-07 23:50:00,15.55,1014.44,90.01,1.89
2026-09-07 23:55:00,15.06,1014.17,91.24,2.69
