timestamp,is_anomaly,anomaly_type,severity,confidence,affected_sensors,recommended_action,description,iforest_flag,iforest_conf,lstm_flag,lstm_conf
2026-09-01 09:30:00,True,TEMPORAL_SEQUENCE_DISTORTION,WARNING,0.95,wind_speed,Inspect time-series trajectory of wind_speed; check for sudden rate-of-change distortion or sensor drift,LSTM Autoencoder reconstruction error exceeded 3-sigma baseline,False,0.437,True,0.95
2026-09-01 10:55:00,True,TEMPORAL_SEQUENCE_DISTORTION,WARNING,0.861,wind_speed,Inspect time-series trajectory of wind_speed; check for sudden rate-of-change distortion or sensor drift,LSTM Autoencoder reconstruction error exceeded 3-sigma baseline,False,0.345,True,0.861
2026-09-01 13:05:00,True,TEMPORAL_MULTIVARIATE_ANOMALY,WARNING,0.756,wind_speed,Deep inspection required: Temporal pattern and multi-sensor correlation deviation in wind_speed,Dual ML model consensus: Temporal sequence reconstruction error (LSTM) and multi-variate feature isolation (IForest) flagged anomalous pattern,True,0.513,True,0.999
2026-09-01 13:25:00,True,THERMODYNAMIC_VIOLATION (THERMO_VAPOR_EXCEEDS_PRESSURE),CRITICAL,0.99,"pressure, humidity",Isolate barometer and RH sensor channels; check for sensor chamber flooding,Thermodynamic violation: Water vapor pressure (30577107221.0 hPa) exceeds ambient barometric pressure (1021.7 hPa),True,0.805,True,1.0
2026-09-01 13:30:00,True,THERMODYNAMIC_VIOLATION (THERMO_VAPOR_EXCEEDS_PRESSURE),CRITICAL,0.99,"pressure, humidity",Isolate barometer and RH sensor channels; check for sensor chamber flooding,Thermodynamic violation: Water vapor pressure (31897116523.0 hPa) exceeds ambient barometric pressure (1021.8 hPa),True,0.742,True,1.0
2026-09-01 13:35:00,True,THERMODYNAMIC_VIOLATION (THERMO_VAPOR_EXCEEDS_PRESSURE),CRITICAL,0.99,"pressure, humidity",Isolate barometer and RH sensor channels; check for sensor chamber flooding,Thermodynamic violation: Water vapor pressure (31308076725.5 hPa) exceeds ambient barometric pressure (1021.4 hPa),True,0.658,True,1.0
2026-09-01 13:40:00,True,TEMPORAL_SEQUENCE_DISTORTION,WARNING,0.982,temperature,Inspect time-series trajectory of temperature; check for sudden rate-of-change distortion or sensor drift,LSTM Autoencoder reconstruction error exceeded 3-sigma baseline,False,0.449,True,0.982
2026-09-01 13:45:00,True,TEMPORAL_SEQUENCE_DISTORTION,WARNING,1.0,temperature,Inspect time-series trajectory of temperature; check for sudden rate-of-change distortion or sensor drift,LSTM Autoencoder reconstruction error exceeded 3-sigma baseline,False,0.346,True,1.0
2026-09-01 13:50:00,True,TEMPORAL_SEQUENCE_DISTORTION,WARNING,1.0,wind_speed,Inspect time-series trajectory of wind_speed; check for sudden rate-of-change distortion or sensor drift,LSTM Autoencoder reconstruction error exceeded 3-sigma baseline,False,0.43,True,1.0
2026-09-01 13:55:00,True,TEMPORAL_MULTIVARIATE_ANOMALY,WARNING,0.765,temperature,Deep inspection required: Temporal pattern and multi-sensor correlation deviation in temperature,Dual ML model consensus: Temporal sequence reconstruction error (LSTM) and multi-variate feature isolation (IForest) flagged anomalous pattern,True,0.538,True,0.993
2026-09-01 14:00:00,True,TEMPORAL_SEQUENCE_DISTORTION,WARNING,1.0,wind_speed,Inspect time-series trajectory of wind_speed; check for sudden rate-of-change distortion or sensor drift,LSTM Autoencoder reconstruction error exceeded 3-sigma baseline,False,0.413,True,1.0
2026-09-01 14:05:00,True,TEMPORAL_SEQUENCE_DISTORTION,WARNING,0.982,temperature,Inspect time-series trajectory of temperature; check for sudden rate-of-change distortion or sensor drift,LSTM Autoencoder reconstruction error exceeded 3-sigma baseline,False,0.32,True,0.982
2026-09-01 14:10:00,True,TEMPORAL_SEQUENCE_DISTORTION,WARNING,0.966,temperature,Inspect time-series trajectory of temperature; check for sudden rate-of-change distortion or sensor drift,LSTM Autoencoder reconstruction error exceeded 3-sigma baseline,False,0.451,True,0.966
2026-09-01 14:25:00,True,TEMPORAL_SEQUENCE_DISTORTION,WARNING,0.993,wind_speed,Inspect time-series trajectory of wind_speed; check for sudden rate-of-change distortion or sensor drift,LSTM Autoencoder reconstruction error exceeded 3-sigma baseline,False,0.358,True,0.993
2026-09-02 01:10:00,True,THERMODYNAMIC_VIOLATION (THERMO_TD_EXCEEDS_T),CRITICAL,0.98,"temperature, humidity",Emergency calibration required: Inspect hygrometer sensing element and aspirator fan,Thermodynamic violation: Calculated Dew Point (19.8°C) exceeds Dry Bulb Temp (17.1°C),False,0.491,False,0.278
2026-09-02 04:25:00,True,TEMPORAL_SEQUENCE_DISTORTION,WARNING,0.889,wind_speed,Inspect time-series trajectory of wind_speed; check for sudden rate-of-change distortion or sensor drift,LSTM Autoencoder reconstruction error exceeded 3-sigma baseline,False,0.276,True,0.889
2026-09-02 09:30:00,True,TEMPORAL_MULTIVARIATE_ANOMALY,CRITICAL,0.858,wind_speed,Deep inspection required: Temporal pattern and multi-sensor correlation deviation in wind_speed,Dual ML model consensus: Temporal sequence reconstruction error (LSTM) and multi-variate feature isolation (IForest) flagged anomalous pattern,True,0.716,True,1.0
2026-09-02 10:25:00,True,TEMPORAL_SEQUENCE_DISTORTION,WARNING,0.942,wind_speed,Inspect time-series trajectory of wind_speed; check for sudden rate-of-change distortion or sensor drift,LSTM Autoencoder reconstruction error exceeded 3-sigma baseline,False,0.386,True,0.942
2026-09-02 13:05:00,True,TEMPORAL_SEQUENCE_DISTORTION,WARNING,0.888,wind_speed,Inspect time-series trajectory of wind_speed; check for sudden rate-of-change distortion or sensor drift,LSTM Autoencoder reconstruction error exceeded 3-sigma baseline,False,0.46,True,0.888
2026-09-02 14:40:00,True,TEMPORAL_MULTIVARIATE_ANOMALY,WARNING,0.754,wind_speed,Deep inspection required: Temporal pattern and multi-sensor correlation deviation in wind_speed,Dual ML model consensus: Temporal sequence reconstruction error (LSTM) and multi-variate feature isolation (IForest) flagged anomalous pattern,True,0.52,True,0.988
2026-09-02 16:05:00,True,TEMPORAL_MULTIVARIATE_ANOMALY,WARNING,0.754,wind_speed,Deep inspection required: Temporal pattern and multi-sensor correlation deviation in wind_speed,Dual ML model consensus: Temporal sequence reconstruction error (LSTM) and multi-variate feature isolation (IForest) flagged anomalous pattern,True,0.51,True,0.999
2026-09-02 16:45:00,True,TEMPORAL_MULTIVARIATE_ANOMALY,WARNING,0.686,wind_speed,Deep inspection required: Temporal pattern and multi-sensor correlation deviation in wind_speed,Dual ML model consensus: Temporal sequence reconstruction error (LSTM) and multi-variate feature isolation (IForest) flagged anomalous pattern,True,0.537,True,0.836
2026-09-02 17:20:00,True,TEMPORAL_SEQUENCE_DISTORTION,WARNING,0.994,wind_speed,Inspect time-series trajectory of wind_speed; check for sudden rate-of-change distortion or sensor drift,LSTM Autoencoder reconstruction error exceeded 3-sigma baseline,False,0.38,True,0.994
2026-09-03 10:00:00,True,TEMPORAL_SEQUENCE_DISTORTION,WARNING,0.952,wind_speed,Inspect time-series trajectory of wind_speed; check for sudden rate-of-change distortion or sensor drift,LSTM Autoencoder reconstruction error exceeded 3-sigma baseline,False,0.421,True,0.952
2026-09-03 10:15:00,True,TEMPORAL_SEQUENCE_DISTORTION,WARNING,0.958,wind_speed,Inspect time-series trajectory of wind_speed; check for sudden rate-of-change distortion or sensor drift,LSTM Autoencoder reconstruction error exceeded 3-sigma baseline,False,0.441,True,0.958
2026-09-03 10:30:00,True,TEMPORAL_SEQUENCE_DISTORTION,WARNING,0.869,wind_speed,Inspect time-series trajectory of wind_speed; check for sudden rate-of-change distortion or sensor drift,LSTM Autoencoder reconstruction error exceeded 3-sigma baseline,False,0.199,True,0.869
2026-09-03 10:45:00,True,SENSOR_SPEC_BREACH (SPEC_WIND_NEGATIVE),WARNING,0.95,wind_speed,"Inspect anemometer wiring, zero-offset calibration, and ADC voltage reference",Negative wind speed measured (-4.50 m/s),False,0.27,True,0.999
2026-09-03 13:50:00,True,TEMPORAL_SEQUENCE_DISTORTION,WARNING,1.0,wind_speed,Inspect time-series trajectory of wind_speed; check for sudden rate-of-change distortion or sensor drift,LSTM Autoencoder reconstruction error exceeded 3-sigma baseline,False,0.47,True,1.0
2026-09-03 15:30:00,True,TEMPORAL_SEQUENCE_DISTORTION,WARNING,0.971,wind_speed,Inspect time-series trajectory of wind_speed; check for sudden rate-of-change distortion or sensor drift,LSTM Autoencoder reconstruction error exceeded 3-sigma baseline,False,0.406,True,0.971
2026-09-03 19:10:00,True,TEMPORAL_SEQUENCE_DISTORTION,WARNING,0.94,wind_speed,Inspect time-series trajectory of wind_speed; check for sudden rate-of-change distortion or sensor drift,LSTM Autoencoder reconstruction error exceeded 3-sigma baseline,False,0.354,True,0.94
2026-09-03 22:40:00,True,TEMPORAL_SEQUENCE_DISTORTION,WARNING,0.999,wind_speed,Inspect time-series trajectory of wind_speed; check for sudden rate-of-change distortion or sensor drift,LSTM Autoencoder reconstruction error exceeded 3-sigma baseline,False,0.322,True,0.999
2026-09-03 23:40:00,True,TEMPORAL_SEQUENCE_DISTORTION,WARNING,0.848,wind_speed,Inspect time-series trajectory of wind_speed; check for sudden rate-of-change distortion or sensor drift,LSTM Autoencoder reconstruction error exceeded 3-sigma baseline,False,0.304,True,0.848
2026-09-04 00:50:00,True,TEMPORAL_SEQUENCE_DISTORTION,WARNING,0.896,wind_speed,Inspect time-series trajectory of wind_speed; check for sudden rate-of-change distortion or sensor drift,LSTM Autoencoder reconstruction error exceeded 3-sigma baseline,False,0.391,True,0.896
2026-09-04 01:25:00,True,TEMPORAL_MULTIVARIATE_ANOMALY,CRITICAL,0.883,wind_speed,Deep inspection required: Temporal pattern and multi-sensor correlation deviation in wind_speed,Dual ML model consensus: Temporal sequence reconstruction error (LSTM) and multi-variate feature isolation (IForest) flagged anomalous pattern,True,0.793,True,0.974
2026-09-04 03:10:00,True,TEMPORAL_SEQUENCE_DISTORTION,WARNING,0.897,wind_speed,Inspect time-series trajectory of wind_speed; check for sudden rate-of-change distortion or sensor drift,LSTM Autoencoder reconstruction error exceeded 3-sigma baseline,False,0.397,True,0.897
2026-09-04 03:35:00,True,THERMODYNAMIC_VIOLATION (THERMO_RH_OUT_OF_BOUNDS),CRITICAL,0.97,humidity,Recalibrate or replace capacitive humidity sensor element; inspect for condensation or saline coating,"Relative Humidity (-12.0%) is outside physical limits [0%, 105%]",True,0.681,True,1.0
2026-09-04 10:25:00,True,TEMPORAL_SEQUENCE_DISTORTION,WARNING,0.903,wind_speed,Inspect time-series trajectory of wind_speed; check for sudden rate-of-change distortion or sensor drift,LSTM Autoencoder reconstruction error exceeded 3-sigma baseline,False,0.336,True,0.903
2026-09-04 12:05:00,True,TEMPORAL_SEQUENCE_DISTORTION,WARNING,0.906,wind_speed,Inspect time-series trajectory of wind_speed; check for sudden rate-of-change distortion or sensor drift,LSTM Autoencoder reconstruction error exceeded 3-sigma baseline,False,0.378,True,0.906
2026-09-04 13:00:00,True,TEMPORAL_MULTIVARIATE_ANOMALY,WARNING,0.792,wind_speed,Deep inspection required: Temporal pattern and multi-sensor correlation deviation in wind_speed,Dual ML model consensus: Temporal sequence reconstruction error (LSTM) and multi-variate feature isolation (IForest) flagged anomalous pattern,True,0.585,True,1.0
2026-09-04 15:15:00,True,TEMPORAL_SEQUENCE_DISTORTION,WARNING,0.939,wind_speed,Inspect time-series trajectory of wind_speed; check for sudden rate-of-change distortion or sensor drift,LSTM Autoencoder reconstruction error exceeded 3-sigma baseline,False,0.373,True,0.939
2026-09-04 15:20:00,True,MULTIVARIATE_OUTLIER,WARNING,0.78,"temperature, pressure, humidity, wind_speed",Inspect multi-sensor correlation matrix; check for abnormal atmospheric coupling,Isolation Forest identified rare multi-dimensional feature combination,True,0.78,False,0.757
2026-09-05 13:10:00,True,SENSOR_SPEC_BREACH (SPEC_WIND_EXCEEDS_RANGE),WARNING,0.88,wind_speed,Verify severe weather event / gust recording; inspect anemometer bearing for mechanical damage,Wind speed (108.0 m/s) exceeds typical 50 m/s sensor specification,True,0.551,True,1.0
2026-09-05 13:50:00,True,TEMPORAL_SEQUENCE_DISTORTION,WARNING,0.938,wind_speed,Inspect time-series trajectory of wind_speed; check for sudden rate-of-change distortion or sensor drift,LSTM Autoencoder reconstruction error exceeded 3-sigma baseline,False,0.484,True,0.938
2026-09-05 16:00:00,True,TEMPORAL_SEQUENCE_DISTORTION,WARNING,0.892,wind_speed,Inspect time-series trajectory of wind_speed; check for sudden rate-of-change distortion or sensor drift,LSTM Autoencoder reconstruction error exceeded 3-sigma baseline,False,0.479,True,0.892
2026-09-05 18:20:00,True,TEMPORAL_SEQUENCE_DISTORTION,WARNING,0.92,wind_speed,Inspect time-series trajectory of wind_speed; check for sudden rate-of-change distortion or sensor drift,LSTM Autoencoder reconstruction error exceeded 3-sigma baseline,False,0.281,True,0.92
2026-09-05 20:55:00,True,TEMPORAL_SEQUENCE_DISTORTION,WARNING,0.983,wind_speed,Inspect time-series trajectory of wind_speed; check for sudden rate-of-change distortion or sensor drift,LSTM Autoencoder reconstruction error exceeded 3-sigma baseline,False,0.423,True,0.983
2026-09-06 00:55:00,True,SENSOR_SPEC_BREACH (SPEC_TEMP_EXCEEDS_RANGE),WARNING,0.92,temperature,Inspect radiation shield ventilation and RTD/thermistor wiring integrity,"Temperature (78.5°C) exceeds operating specifications [-45.0°C, 55.0°C]",True,0.656,True,1.0
2026-09-06 05:40:00,True,TEMPORAL_SEQUENCE_DISTORTION,WARNING,0.981,wind_speed,Inspect time-series trajectory of wind_speed; check for sudden rate-of-change distortion or sensor drift,LSTM Autoencoder reconstruction error exceeded 3-sigma baseline,False,0.328,True,0.981
2026-09-06 09:30:00,True,TEMPORAL_SEQUENCE_DISTORTION,WARNING,0.915,wind_speed,Inspect time-series trajectory of wind_speed; check for sudden rate-of-change distortion or sensor drift,LSTM Autoencoder reconstruction error exceeded 3-sigma baseline,False,0.246,True,0.915
2026-09-06 11:30:00,True,TEMPORAL_SEQUENCE_DISTORTION,WARNING,0.94,wind_speed,Inspect time-series trajectory of wind_speed; check for sudden rate-of-change distortion or sensor drift,LSTM Autoencoder reconstruction error exceeded 3-sigma baseline,False,0.365,True,0.94
2026-09-06 13:00:00,True,TEMPORAL_MULTIVARIATE_ANOMALY,WARNING,0.707,wind_speed,Deep inspection required: Temporal pattern and multi-sensor correlation deviation in wind_speed,Dual ML model consensus: Temporal sequence reconstruction error (LSTM) and multi-variate feature isolation (IForest) flagged anomalous pattern,True,0.536,True,0.879
2026-09-06 16:35:00,True,TEMPORAL_SEQUENCE_DISTORTION,WARNING,0.839,wind_speed,Inspect time-series trajectory of wind_speed; check for sudden rate-of-change distortion or sensor drift,LSTM Autoencoder reconstruction error exceeded 3-sigma baseline,False,0.368,True,0.839
2026-09-07 02:50:00,True,TEMPORAL_MULTIVARIATE_ANOMALY,CRITICAL,0.853,wind_speed,Deep inspection required: Temporal pattern and multi-sensor correlation deviation in wind_speed,Dual ML model consensus: Temporal sequence reconstruction error (LSTM) and multi-variate feature isolation (IForest) flagged anomalous pattern,True,0.73,True,0.976
2026-09-07 03:50:00,True,SENSOR_SPEC_BREACH (SPEC_PRESSURE_EXCEEDS_RANGE),WARNING,0.92,pressure,Inspect barometric pressure port for insect blockage or static port leakage,"Pressure (720.0 hPa) exceeds station operating specifications [850.0 hPa, 1080.0 hPa]",False,0.492,True,1.0
2026-09-07 03:55:00,True,MULTIVARIATE_OUTLIER,WARNING,0.709,"temperature, pressure, humidity, wind_speed",Inspect multi-sensor correlation matrix; check for abnormal atmospheric coupling,Isolation Forest identified rare multi-dimensional feature combination,True,0.709,False,0.036
2026-09-07 09:45:00,True,TEMPORAL_SEQUENCE_DISTORTION,WARNING,0.975,wind_speed,Inspect time-series trajectory of wind_speed; check for sudden rate-of-change distortion or sensor drift,LSTM Autoencoder reconstruction error exceeded 3-sigma baseline,False,0.353,True,0.975
2026-09-07 16:25:00,True,TEMPORAL_SEQUENCE_DISTORTION,WARNING,0.835,wind_speed,Inspect time-series trajectory of wind_speed; check for sudden rate-of-change distortion or sensor drift,LSTM Autoencoder reconstruction error exceeded 3-sigma baseline,False,0.259,True,0.835
